DevEUI,AppKey,CustVer,FwVer
0e504b3757509037,8649ec1c916d7578fa0e985be52a01bf,01,00.53.A
0e504b3758508837,8649ec1c9e6d6d78fa0e985bea2a19bf,01,00.53.A
0e504b3757509037,8649ec1c916d7578fa0e985be52a01bf,01,00.53.A
0e504b375850b537,8649ec1c9e6d5078fa0e985bea2a24bf,01,00.53.A
0e504b3762506637,8649ec1ca46d8378fa0e985bd02af7bf,01,00.53.A
0e504b3758507237,8649ec1c9e6d9778fa0e985bea2ae3bf,01,00.53.A
0e504b375c50a237,8649ec1c9a6d4778fa0e985bee2a33bf,01,00.53.A
05504b374750a737,8d49ec1c816d4278f10e985bf52a36bf,01,00.53.A
08504b3765507737,8049ec1ca36d9278fc0e985bd72ae6bf,01,00.53.A
0750523861508538,8f49f513a76d6077f30e8154d32a14b0,01,00.53.A
075052383e50a638,8f49f513f86d4377f30e81548c2a37b0,01,00.53.A
0750523825509d38,8f49f513e36d7877f30e8154972a0cb0,01,00.53.A
0750523829508e38,8f49f513ef6d6b77f30e81549b2a1fb0,01,00.53.A
0e504b3772509537,8649ec1cb46d7078fa0e985bc02a04bf,01,00.53.A
0750523827508f38,8f49f513e16d6a77f30e8154952a1eb0,01,00.53.A
0e504b3762506c37,8649ec1ca46d8978fa0e985bd02afdbf,01,00.53.A
0e504b3762506c37,8649ec1ca46d8978fa0e985bd02afdbf,02,00.53.A
06504b3762507c37,8e49ec1ca46d9978f20e985bd02aedbf,02,00.53.A
0e504b3762506c37,8649ec1ca46d8978fa0e985bd02afdbf,02,00.53.A
06504b3762507c37,8e49ec1ca46d9978f20e985bd02aedbf,02,00.53.A
0750523827508f38,8f49f513e16d6a77f30e8154952a1eb0,02,00.53.A
0e504b3758507237,8649ec1c9e6d9778fa0e985bea2ae3bf,02,00.53.A
0e504b3772509537,8649ec1cb46d7078fa0e985bc02a04bf,02,00.53.A
0750523829508e38,8f49f513ef6d6b77f30e81549b2a1fb0,02,00.53.A
0750523825509d38,8f49f513e36d7877f30e8154972a0cb0,02,00.53.A
075052383e50a638,8f49f513f86d4377f30e81548c2a37b0,02,00.53.A
0750523861508538,8f49f513a76d6077f30e8154d32a14b0,02,00.53.A
08504b3765507737,8049ec1ca36d9278fc0e985bd72ae6bf,02,00.53.A
05504b374750a737,8d49ec1c816d4278f10e985bf52a36bf,02,00.53.A
05504b373f50b237,8d49ec1cf96d5778f10e985b8d2a23bf,02,00.53.A
0e504b3753507a37,8649ec1c956d9f78fa0e985be12aebbf,02,00.53.A
0e504b373450a337,8649ec1cf26d4678fa0e985b862a32bf,02,00.53.A
0e504b373d509a37,8649ec1cfb6d7f78fa0e985b8f2a0bbf,02,00.53.A
05504b3744508c37,8d49ec1c826d6978f10e985bf62a1dbf,02,00.53.A
0e504b3764507b37,8649ec1ca26d9e78fa0e985bd62aeabf,02,00.53.A
0750523861508938,8f49f513a76d6c77f30e8154d32a18b0,02,00.53.A
0e504b3762509637,8649ec1ca46d7378fa0e985bd02a07bf,02,00.53.A
06504b375c507137,8e49ec1c9a6d9478f20e985bee2ae0bf,02,00.53.A
06504b3736506c37,8e49ec1cf06d8978f20e985b842afdbf,02,00.53.A
18504b3261508532,9049ec19a76d607dec0e985ed32a14ba,02,00.53.A
0e504b376350b937,8649ec1ca56d5c78fa0e985bd12a28bf,02,00.53.A
075052383950b138,8f49f513ff6d5477f30e81548b2a20b0,02,00.53.A
0e504b3741509f37,8649ec1c876d7a78fa0e985bf32a0ebf,02,00.53.A
08504b375a50a537,8049ec1c9c6d4078fc0e985be82a34bf,02,00.53.A
0e504b3765507337,8649ec1ca36d9678fa0e985bd72ae2bf,02,00.53.A
0e504b374d50ad37,8649ec1c8b6d4878fa0e985bff2a3cbf,02,00.53.A
0e504b375f507437,8649ec1c996d9178fa0e985bed2ae5bf,02,00.53.A
08504b376c509b37,8049ec1caa6d7e78fc0e985bde2a0abf,02,00.53.A
05504b3748509437,8d49ec1c8e6d7178f10e985bfa2a05bf,02,00.53.A
0e504b373a508c37,8649ec1cfc6d6978fa0e985b882a1dbf,02,00.53.A
08504b376e508837,8049ec1ca86d6d78fc0e985bdc2a19bf,02,00.53.A
05504b374b508a37,8d49ec1c8d6d6f78f10e985bf92a1bbf,02,00.53.A
0e504b3755507837,8649ec1c936d9d78fa0e985be72ae9bf,02,00.53.A
18504b3261506432,9049ec19a76d817dec0e985ed32af5ba,02,00.53.A
0e504b3734508e37,8649ec1cf26d6b78fa0e985b862a1fbf,02,00.53.A
0e504b3766508e37,8649ec1ca06d6b78fa0e985bd42a1fbf,02,00.53.A
0e504b375d508337,8649ec1c9b6d6678fa0e985bef2a12bf,02,00.53.A
075052383d508d38,8f49f513fb6d6877f30e81548f2a1cb0,02,00.53.A
0e504b3758507137,8649ec1c9e6d9478fa0e985bea2ae0bf,02,00.53.A
0e504b375b50bb37,8649ec1c9d6d5e78fa0e985be92a2abf,02,00.53.A
0e504b3762507737,8649ec1ca46d9278fa0e985bd02ae6bf,02,00.53.A
0e504b3734508637,8649ec1cf26d6378fa0e985b862a17bf,02,00.53.A
0e504b3757509d37,8649ec1c916d7878fa0e985be52a0cbf,02,00.53.A
0e504b375d50b037,8649ec1c9b6d5578fa0e985bef2a21bf,02,00.53.A
0e504b375050aa37,8649ec1c966d4f78fa0e985be22a3bbf,02,00.53.A
0e504b376350a337,8649ec1ca56d4678fa0e985bd12a32bf,02,00.53.A
0e504b376650a637,8649ec1ca06d4378fa0e985bd42a37bf,02,00.53.A
0750523825508e38,8f49f513e36d6b77f30e8154972a1fb0,02,00.53.A
075052382b509338,8f49f513ed6d7677f30e8154992a02b0,02,00.53.A
0e504b3757508737,8649ec1c916d6278fa0e985be52a16bf,02,00.53.A
0e504b375c507037,8649ec1c9a6d9578fa0e985bee2ae1bf,02,00.53.A
0750523826509938,8f49f513e06d7c77f30e8154942a08b0,02,00.53.A
0e504b375d507337,8649ec1c9b6d9678fa0e985bef2ae2bf,02,00.53.A
0e504b3750509a37,8649ec1c966d7f78fa0e985be22a0bbf,02,00.53.A
0e504b3757509437,8649ec1c916d7178fa0e985be52a05bf,02,00.53.A
0e504b376650ad37,8649ec1ca06d4878fa0e985bd42a3cbf,02,00.53.A
0e504b3764509a37,8649ec1ca26d7f78fa0e985bd62a0bbf,02,00.53.A
0e504b3766508037,8649ec1ca06d6578fa0e985bd42a11bf,02,00.53.A
0e504b375c50b037,8649ec1c9a6d5578fa0e985bee2a21bf,02,00.53.A
075052383c508f38,8f49f513fa6d6a77f30e81548e2a1eb0,02,00.53.A
0e504b375c506f37,8649ec1c9a6d8a78fa0e985bee2afebf,02,00.53.A
0e504b375d506d37,8649ec1c9b6d8878fa0e985bef2afcbf,02,00.53.A
075052382a509538,8f49f513ec6d7077f30e8154982a04b0,02,00.53.A
0e504b375850a537,8649ec1c9e6d4078fa0e985bea2a34bf,02,00.53.A
0e504b375150b537,8649ec1c976d5078fa0e985be32a24bf,02,00.53.A
0e504b375d507137,8649ec1c9b6d9478fa0e985bef2ae0bf,02,00.53.A
0e504b3758506537,8649ec1c9e6d8078fa0e985bea2af4bf,02,00.53.A
075052383f50b538,8f49f513f96d5077f30e81548d2a24b0,02,00.53.A
06504b3734506e37,8e49ec1cf26d8b78f20e985b862affbf,02,00.53.A
0e504b372e508f37,8649ec1ce86d6a78fa0e985b9c2a1ebf,02,00.53.A
0e504b3771509037,8649ec1cb76d7578fa0e985bc32a01bf,02,00.53.A
0e504b372f509e37,8649ec1ce96d7b78fa0e985b9d2a0fbf,02,00.53.A
08504b3759507c37,8049ec1c9f6d9978fc0e985beb2aedbf,02,00.53.A
0e504b373a50ac37,8649ec1cfc6d4978fa0e985b882a3dbf,02,00.53.A
0e504b375650a037,8649ec1c906d4578fa0e985be42a31bf,02,00.53.A
0e504b373b50b137,8649ec1cfd6d5478fa0e985b892a20bf,02,00.53.A
0e504b375a506637,8649ec1c9c6d8378fa0e985be82af7bf,02,00.53.A
08504b373250ac37,8049ec1cf46d4978fc0e985b802a3dbf,02,00.53.A
08504b376e509c37,8049ec1ca86d7978fc0e985bdc2a0dbf,02,00.53.A
0e504b3763509f37,8649ec1ca56d7a78fa0e985bd12a0ebf,02,00.53.A
0e504b376350af37,8649ec1ca56d4a78fa0e985bd12a3ebf,02,00.53.A
0e504b376350b837,8649ec1ca56d5d78fa0e985bd12a29bf,02,00.53.A
0e504b3764506837,8649ec1ca26d8d78fa0e985bd62af9bf,02,00.53.A
0e504b3766509137,8649ec1ca06d7478fa0e985bd42a00bf,02,00.53.A
075052382c508b38,8f49f513ea6d6e77f30e81549e2a1ab0,02,00.53.A
0e504b375150b937,8649ec1c976d5c78fa0e985be32a28bf,02,00.53.A
0e504b3751509137,8649ec1c976d7478fa0e985be32a00bf,02,00.53.A
075052383b507c38,8f49f513fd6d9977f30e8154892aedb0,02,00.53.A
0e504b3763508d37,8649ec1ca56d6878fa0e985bd12a1cbf,02,00.53.A
075052385350be38,8f49f513956d5b77f30e8154e12a2fb0,02,00.53.A
0e504b375050ae37,8649ec1c966d4b78fa0e985be22a3fbf,02,00.53.A
0e504b376450a037,8649ec1ca26d4578fa0e985bd62a31bf,02,00.53.A
075052382b50a338,8f49f513ed6d4677f30e8154992a32b0,02,00.53.A
075052382b50a138,8f49f513ed6d4477f30e8154992a30b0,02,00.53.A
075052382750a338,8f49f513e16d4677f30e8154952a32b0,02,00.53.A
0750523854507e38,8f49f513926d9b77f30e8154e62aefb0,02,00.53.A
075052385250a338,8f49f513946d4677f30e8154e02a32b0,02,00.53.A
075052385250a038,8f49f513946d4577f30e8154e02a31b0,02,00.53.A
0e504b3757509237,8649ec1c916d7778fa0e985be52a03bf,02,00.53.A
0e504b3766507a37,8649ec1ca06d9f78fa0e985bd42aebbf,02,00.53.A
0e504b3766509a37,8649ec1ca06d7f78fa0e985bd42a0bbf,02,00.53.A
0e504b3757507d37,8649ec1c916d9878fa0e985be52aecbf,02,00.53.A
075052382b508d38,8f49f513ed6d6877f30e8154992a1cb0,02,00.53.A
0750523826509d38,8f49f513e06d7877f30e8154942a0cb0,02,00.53.A
075052382a508238,8f49f513ec6d6777f30e8154982a13b0,02,00.53.A
0750523828508138,8f49f513ee6d6477f30e81549a2a10b0,02,00.53.A
0750523853506f38,8f49f513956d8a77f30e8154e12afeb0,02,00.53.A
075052382c50a038,8f49f513ea6d4577f30e81549e2a31b0,02,00.53.A
075052382d508938,8f49f513eb6d6c77f30e81549f2a18b0,02,00.53.A
0e504b3762506437,8649ec1ca46d8178fa0e985bd02af5bf,02,00.53.A
0750523852507738,8f49f513946d9277f30e8154e02ae6b0,02,00.53.A
0e504b3758506237,8649ec1c9e6d8778fa0e985bea2af3bf,02,00.53.A
0e504b375d508e37,8649ec1c9b6d6b78fa0e985bef2a1fbf,02,00.53.A
0e504b375850a737,8649ec1c9e6d4278fa0e985bea2a36bf,02,00.53.A
0e504b3766507537,8649ec1ca06d9078fa0e985bd42ae4bf,02,00.53.A
0e504b375d50a137,8649ec1c9b6d4478fa0e985bef2a30bf,02,00.53.A
075052382650a138,8f49f513e06d4477f30e8154942a30b0,02,00.53.A
075052383950aa38,8f49f513ff6d4f77f30e81548b2a3bb0,02,00.53.A
0750523827508d38,8f49f513e16d6877f30e8154952a1cb0,02,00.53.A
0e504b3758507537,8649ec1c9e6d9078fa0e985bea2ae4bf,02,00.53.A
075052382c508d38,8f49f513ea6d6877f30e81549e2a1cb0,02,00.53.A
0e504b3758509037,8649ec1c9e6d7578fa0e985bea2a01bf,02,00.53.A
0e504b3758509437,8649ec1c9e6d7178fa0e985bea2a05bf,02,00.53.A
075052382750a438,8f49f513e16d4177f30e8154952a35b0,02,00.53.A
0750523824509e38,8f49f513e26d7b77f30e8154962a0fb0,02,00.53.A
0e504b375d507837,8649ec1c9b6d9d78fa0e985bef2ae9bf,02,00.53.A
0e504b3757506137,8649ec1c916d8478fa0e985be52af0bf,02,00.53.A
0e504b375c507137,8649ec1c9a6d9478fa0e985bee2ae0bf,02,00.53.A
0e504b375d50ad37,8649ec1c9b6d4878fa0e985bef2a3cbf,02,00.53.A
0e504b376350b437,8649ec1ca56d5178fa0e985bd12a25bf,02,00.53.A
0e504b3763506737,8649ec1ca56d8278fa0e985bd12af6bf,02,00.53.A
0e504b3762507b37,8649ec1ca46d9e78fa0e985bd02aeabf,02,00.53.A
0e504b3734509837,8649ec1cf26d7d78fa0e985b862a09bf,02,00.53.A
0e504b375d508437,8649ec1c9b6d6178fa0e985bef2a15bf,02,00.53.A
075052387550a338,8f49f513b36d4677f30e8154c72a32b0,02,00.53.A
18504b324f509c32,9049ec19896d797dec0e985efd2a0dba,02,00.53.A
075052384f508b38,8f49f513896d6e77f30e8154fd2a1ab0,02,00.53.A
0750523850509c38,8f49f513966d7977f30e8154e22a0db0,02,00.53.A
18504b3251509532,9049ec19976d707dec0e985ee32a04ba,02,00.53.A
065052384850a238,8e49f5138e6d4777f20e8154fa2a33b0,02,00.53.A
18504b3271509d32,9049ec19b76d787dec0e985ec32a0cba,02,00.53.A
065052383150a538,8e49f513f76d4077f20e8154832a34b0,02,00.53.A
18504b327a507632,9049ec19bc6d937dec0e985ec82ae7ba,02,00.53.A
065052383250af38,8e49f513f46d4a77f20e8154802a3eb0,02,00.53.A
18504b3262506a32,9049ec19a46d8f7dec0e985ed02afbba,02,00.53.A
18504b324b509f32,9049ec198d6d7a7dec0e985ef92a0eba,02,00.53.A
18504b324b507532,9049ec198d6d907dec0e985ef92ae4ba,02,00.53.A
075052384f507838,8f49f513896d9d77f30e8154fd2ae9b0,02,00.53.A
18504b3249507132,9049ec198f6d947dec0e985efb2ae0ba,02,00.53.A
0750523850507b38,8f49f513966d9e77f30e8154e22aeab0,02,00.53.A
065052383350b438,8e49f513f56d5177f20e8154812a25b0,02,00.53.A
0650523845507d38,8e49f513836d9877f20e8154f72aecb0,02,00.53.A
075052384f50a338,8f49f513896d4677f30e8154fd2a32b0,02,00.53.A
18504b325050b432,9049ec19966d517dec0e985ee22a25ba,02,00.53.A
18504b3261508332,9049ec19a76d667dec0e985ed32a12ba,02,00.53.A
0650523829508638,8e49f513ef6d6377f20e81549b2a17b0,02,00.53.A
075052387650a438,8f49f513b06d4177f30e8154c42a35b0,02,00.53.A
065052382a509338,8e49f513ec6d7677f20e8154982a02b0,02,00.53.A
0650523826509038,8e49f513e06d7577f20e8154942a01b0,02,00.53.A
0750523835509538,8f49f513f36d7077f30e8154872a04b0,02,00.53.A
075052383250a438,8f49f513f46d4177f30e8154802a35b0,02,00.53.A
18504b326050af32,9049ec19a66d4a7dec0e985ed22a3eba,02,00.53.A
075052387550a438,8f49f513b36d4177f30e8154c72a35b0,02,00.53.A
0650523829509838,8e49f513ef6d7d77f20e81549b2a09b0,02,00.53.A
0650523844508c38,8e49f513826d6977f20e8154f62a1db0,02,00.53.A
065052383150a638,8e49f513f76d4377f20e8154832a37b0,02,00.53.A
18504b325050ae32,9049ec19966d4b7dec0e985ee22a3fba,02,00.53.A
0650523826508738,8e49f513e06d6277f20e8154942a16b0,02,00.53.A
0750523831507e38,8f49f513f76d9b77f30e8154832aefb0,02,00.53.A
0650523845508f38,8e49f513836d6a77f20e8154f72a1eb0,02,00.53.A
075052383f509d38,8f49f513f96d7877f30e81548d2a0cb0,02,00.53.A
075052383f506c38,8f49f513f96d8977f30e81548d2afdb0,02,00.53.A
065052384450b538,8e49f513826d5077f20e8154f62a24b0,02,00.53.A
075052383f50b938,8f49f513f96d5c77f30e81548d2a28b0,02,00.53.A
065052383350b538,8e49f513f56d5077f20e8154812a24b0,02,00.53.A
075052384e507138,8f49f513886d9477f30e8154fc2ae0b0,02,00.53.A
0750523850508338,8f49f513966d6677f30e8154e22a12b0,02,00.53.A
18504b3276509632,9049ec19b06d737dec0e985ec42a07ba,02,00.53.A
0750523834508538,8f49f513f26d6077f30e8154862a14b0,02,00.53.A
075052387650ae38,8f49f513b06d4b77f30e8154c42a3fb0,02,00.53.A
065052382650a438,8e49f513e06d4177f20e8154942a35b0,02,00.53.A
0650523846508738,8e49f513806d6277f20e8154f42a16b0,02,00.53.A
0650523844507238,8e49f513826d9777f20e8154f62ae3b0,02,00.53.A
18504b326a508632,9049ec19ac6d637dec0e985ed82a17ba,02,00.53.A
075052384f508a38,8f49f513896d6f77f30e8154fd2a1bb0,02,00.53.A
0650523825508c38,8e49f513e36d6977f20e8154972a1db0,02,00.53.A
0750523828508938,8f49f513ee6d6c77f30e81549a2a18b0,02,00.53.A
0e504b377350a937,8649ec1cb56d4c78fa0e985bc12a38bf,02,00.53.A
0650523845509738,8e49f513836d7277f20e8154f72a06b0,02,00.53.A
065052384650a538,8e49f513806d4077f20e8154f42a34b0,02,00.53.A
075052383650b038,8f49f513f06d5577f30e8154842a21b0,02,00.53.A
075052384e508738,8f49f513886d6277f30e8154fc2a16b0,02,00.53.A
0650523843508a38,8e49f513856d6f77f20e8154f12a1bb0,02,00.53.A
0e504b3757509037,8649ec1c916d7578fa0e985be52a01bf,01.53.A
0e504b3757509037,8649ec1c916d7578fa0e985be52a01bf,01.00.5
18504b324c507232,9049ec198a6d977dec0e985efe2ae3ba,02,00.53.A
18504b3275509f32,9049ec19b36d7a7dec0e985ec72a0eba,02,00.53.A
075052386250aa38,8f49f513a46d4f77f30e8154d02a3bb0,02,00.53.A
0750523850509338,8f49f513966d7677f30e8154e22a02b0,02,00.53.A
0750523835507f38,8f49f513f36d9a77f30e8154872aeeb0,02,00.53.A
0e504b3776507f37,8649ec1cb06d9a78fa0e985bc42aeebf,02,00.53.A
0650523846507b38,8e49f513806d9e77f20e8154f42aeab0,02,00.53.A
075052383f508538,8f49f513f96d6077f30e81548d2a14b0,02,00.53.A
18504b326a507a32,9049ec19ac6d9f7dec0e985ed82aebba,02,00.53.A
0750523876508938,8f49f513b06d6c77f30e8154c42a18b0,02,00.53.A
075052386150b138,8f49f513a76d5477f30e8154d32a20b0,02,00.53.A
065052384850af38,8e49f5138e6d4a77f20e8154fa2a3eb0,02,00.53.A
075052383350b238,8f49f513f56d5777f30e8154812a23b0,02,00.53.A
0650523845508538,8e49f513836d6077f20e8154f72a14b0,02,00.53.A
0750523833507738,8f49f513f56d9277f30e8154812ae6b0,02,00.53.A
075052383650ae38,8f49f513f06d4b77f30e8154842a3fb0,02,00.53.A
0650523830507b38,8e49f513f66d9e77f20e8154822aeab0,02,00.53.A
075052383f509a38,8f49f513f96d7f77f30e81548d2a0bb0,02,00.53.A
065052383250a138,8e49f513f46d4477f20e8154802a30b0,02,00.53.A
18504b327750aa32,9049ec19b16d4f7dec0e985ec52a3bba,02,00.53.A
18504b3260508232,9049ec19a66d677dec0e985ed22a13ba,02,00.53.A
065052384550bf38,8e49f513836d5a77f20e8154f72a2eb0,02,00.53.A
075052384e507838,8f49f513886d9d77f30e8154fc2ae9b0,02,00.53.A
06504b3734508b37,8e49ec1cf26d6e78f20e985b862a8b36,03,00.53.A
0e504b3750509a37,8649ec1c966d7f78fa0e985be22a0bbf,02,00.53.A
075052382c508d38,8f49f513ea6d6877f30e81549e2a1cb0,02,00.53.A
0650523830508e38,8e49f513f66d6b77f20e8154822a8e3a,04,00.53.A
0650523830508e38,8e49f513f66d6b77f20e8154822a8e3a,04,00.53.A
0750523876508638,8f49f513b06d6377f30e8154c42a863a,04,00.53.A
065052382750a238,8e49f513e16d4777f20e8154952aa23a,04,00.53.A
18504b325f507332,9049ec19996d967dec0e985eed2a7330,04,00.53.A
0750523862508238,8f49f513a46d6777f30e8154d02a823a,04,00.53.A
0650523830509238,8e49f513f66d7777f20e8154822a923a,04,00.53.A
18504b326b50aa32,9049ec19ad6d4f7dec0e985ed92aaa30,04,00.53.A
18504b326b50aa32,9049ec19ad6d4f7dec0e985ed92aaa30,04,00.53.A
075052386250b038,8f49f513a46d5577f30e8154d02ab03a,04,00.53.A
075052384f507138,8f49f513896d9477f30e8154fd2a713a,04,00.53.A
065052384550bb38,8e49f513836d5e77f20e8154f72abb3a,04,00.53.A
065052384550bb38,8e49f513836d5e77f20e8154f72abb3a,04,00.53.A
065052383250b138,8e49f513f46d5477f20e8154802ab13a,04,00.53.A
065052384950a638,8e49f5138f6d4377f20e8154fb2aa63a,04,00.53.A
065052384950a638,8e49f5138f6d4377f20e8154fb2aa63a,04,00.53.A
075052385050af38,8f49f513966d4a77f30e8154e22aaf3a,04,00.53.A
18504b324e50ac32,9049ec19886d497dec0e985efc2aac30,04,00.53.A
0650523833507d38,8e49f513f56d9877f20e8154812a7d3a,04,00.53.A
075052387550ab38,8f49f513b36d4e77f30e8154c72aab3a,04,00.53.A
18504b324f507d32,9049ec19896d987dec0e985efd2a7d30,04,00.53.A
075052385050c238,8f49f513966d2777f30e8154e22ac23a,04,00.53.A
075052384050b738,8f49f513866d5277f30e8154f22ab73a,04,00.53.A
0650523832509138,8e49f513f46d7477f20e8154802a913a,04,00.53.A
065052382f50a338,8e49f513e96d4677f20e81549d2aa33a,04,00.53.A
065052384550bd38,8e49f513836d5877f20e8154f72abd3a,04,00.53.A
075052386250a638,8f49f513a46d4377f30e8154d02aa63a,04,00.53.A
075052386250a638,8f49f513a46d4377f30e8154d02aa63a,04,00.53.A
075052384f508f38,8f49f513896d6a77f30e8154fd2a8f3a,04,00.53.A
075052384f508f38,8f49f513896d6a77f30e8154fd2a8f39,03,00.53.A
0750523850508138,8f49f513966d6477f30e8154e22a8139,03,00.53.A
075052383e507538,8f49f513f86d9077f30e81548c2a7539,03,00.53.A
18504b327650ac32,9049ec19b06d497dec0e985ec42aac33,03,00.53.A
18504b327650ac32,9049ec19b06d497dec0e985ec42aac33,03,00.53.A
18504b327650ac32,9049ec19b06d497dec0e985ec42aac33,03,00.53.A
18504b327650ac32,9049ec19b06d497dec0e985ec42aac33,03,00.53.A
0750523833507738,8f49f513f56d9277f30e8154812a7739,03,00.53.A
18504b3260508232,9049ec19a66d677dec0e985ed22a8233,03,00.53.A
065052383250a138,8e49f513f46d4477f20e8154802aa139,03,00.53.A
18504b327750aa32,9049ec19b16d4f7dec0e985ec52aaa33,03,00.53.A
075052383f509a38,8f49f513f96d7f77f30e81548d2a9a39,03,00.53.A
0650523830507b38,8e49f513f66d9e77f20e8154822a7b39,03,00.53.A
075052384e507838,8f49f513886d9d77f30e8154fc2a7839,03,00.53.A
065052384550bf38,8e49f513836d5a77f20e8154f72abf39,03,00.53.A
075052383650ae38,8f49f513f06d4b77f30e8154842aae39,03,00.53.A
075052383350b238,8f49f513f56d5777f30e8154812ab239,03,00.53.A
0650523845508538,8e49f513836d6077f20e8154f72a8539,03,00.53.A
075052383550a738,8f49f513f36d4277f30e8154872a36b0,02,00.53.A
18504b327850af32,9049ec19be6d4a7dec0e985eca2a3eba,02,00.53.A
0750523850508b38,8f49f513966d6e77f30e8154e22a1ab0,01,00.55.A
18504b326a507a32,9049ec19ac6d9f7dec0e985ed82aebba,02,00.53.A
18504b326a507a32,9049ec19ac6d9f7dec0e985ed82aebba,02,00.53.A
0650523844506b38,8e49f513826d8e77f20e8154f62afab0,01,00.55.A
18504b326a507a32,9049ec19ac6d9f7dec0e985ed82aebba,01,00.55.A
18504b326a507a32,9049ec19ac6d9f7dec0e985ed82aebba,02,00.53.A
065052384550a338,8e49f513836d4677f20e8154f72aa33a,04,00.53.A
075052386150b138,8f49f513a76d5477f30e8154d32a20b0,02,00.53.A
075052386150b138,8f49f513a76d5477f30e8154d32a20b0,02,00.53.A
0761523876508938,8f78f513b06d6c77f33f8154c42a18b0,02,00.53.A
0761523876508938,8f78f513b06d6c77f33f8154c42a18b0,02,00.53.A
0661523828509a38,8e78f513ee6d7f77f23f81549a2a0bb0,02,00.53.A
0761523830509938,8f78f513f66d7c77f33f8154822a08b0,02,00.53.A
0761523878508138,8f78f513be6d6477f33f8154ca2a10b0,02,00.53.A
18614b326050a132,9078ec19a66d447dec3f985ed22a30ba,02,00.53.A
18614b328d508332,9078ec194b6d667dec3f985e3f2a12ba,02,00.53.A
0761523843507538,8f78f513856d9077f33f8154f12ae4b0,02,00.53.A
0661523844506e38,8e78f513826d8b77f23f8154f62affb0,02,00.53.A
0661523845507638,8e78f513836d9377f23f8154f72ae7b0,02,00.53.A
0761523875509938,8f78f513b36d7c77f33f8154c72a08b0,02,00.53.A
18614b3261507132,9078ec19a76d947dec3f985ed32ae0ba,02,00.53.A
18614b3261507132,9078ec19a76d947dec3f985ed32ae0ba,02,00.53.A
0661523844507138,8e78f513826d9477f23f8154f62ae0b0,02,00.53.A
18614b325050aa32,9078ec19966d4f7dec3f985ee22a3bba,02,00.53.A
17614b324050a332,9f78ec19866d467de33f985ef22a32ba,02,00.53.A
18614b3261509432,9078ec19a76d717dec3f985ed32a05ba,02,00.53.A
0761523840508338,8f78f513866d6677f33f8154f22a12b0,02,00.53.A
18614b324f507f32,9078ec19896d9a7dec3f985efd2aeeba,02,00.53.A
0661523826508b38,8e78f513e06d6e77f23f8154942a1ab0,02,00.53.A
18614b325d506332,9078ec199b6d867dec3f985eef2af2ba,02,00.53.A
18614b324c508132,9078ec198a6d647dec3f985efe2a10ba,02,00.53.A
18614b3269508232,9078ec19af6d677dec3f985edb2a13ba,02,00.53.A
076152383f507f38,8f78f513f96d9a77f33f81548d2aeeb0,02,00.53.A
066152384650a138,8e78f513806d4477f23f8154f42a30b0,02,00.53.A
18614b3261507532,9078ec19a76d907dec3f985ed32ae4ba,02,00.53.A
18614b3251508d32,9078ec19976d687dec3f985ee32a1cba,02,00.53.A
066152384450b338,8e78f513826d5677f23f8154f62a22b0,02,00.53.A
18614b325d507832,9078ec199b6d9d7dec3f985eef2ae9ba,02,00.53.A
0661523824509c38,8e78f513e26d7977f23f8154962a0db0,02,00.53.A
18614b3261507d32,9078ec19a76d987dec3f985ed32aecba,02,00.53.A
076152383f50ac38,8f78f513f96d4977f33f81548d2a3db0,02,00.53.A
18614b3251509b32,9078ec19976d7e7dec3f985ee32a0aba,02,00.53.A
076152384250b338,8f78f513846d5677f33f8154f02a22b0,02,00.53.A
075052383650b038,8f49f513f06d5577f30e8154842a21b0,02,00.53.A
076152383650b038,8f78f513f06d5577f33f8154842a21b0,02,00.53.A
076152384e508738,8f78f513886d6277f33f8154fc2a16b0,02,00.53.A
0661523843508a38,8e78f513856d6f77f23f8154f12a1bb0,02,00.53.A
18614b324c507232,9078ec198a6d977dec3f985efe2ae3ba,02,00.53.A
18614b3275509f32,9078ec19b36d7a7dec3f985ec72a0eba,02,00.53.A
076152386250aa38,8f78f513a46d4f77f33f8154d02a3bb0,02,00.53.A
0761523850509338,8f78f513966d7677f33f8154e22a02b0,02,00.53.A
0761523835507f38,8f78f513f36d9a77f33f8154872aeeb0,02,00.53.A
0661523846507b38,8e78f513806d9e77f23f8154f42aeab0,02,00.53.A
076152383f508538,8f78f513f96d6077f33f81548d2a14b0,02,00.53.A
0661523846508b38,8e78f513806d6e77f23f8154f42a1ab0,02,00.53.A
066152384950a838,8e78f5138f6d4d77f23f8154fb2a39b0,02,00.53.A
0761523862509b38,8f78f513a46d7e77f33f8154d02a0ab0,02,00.53.A
076152383e509a38,8f78f513f86d7f77f33f81548c2a0bb0,02,00.53.A
066152384550b638,8e78f513836d5377f23f8154f72a27b0,02,00.53.A
0650523832507538,8e49f513f46d9077f20e8154802ae4b0,1234,00.53.A,2020-08-19 16:07:55,0
0650523832509038,8e49f513f46d7577f20e8154802a01b0,1234,00.53.A,2020-08-19 16:07:56,1
0750523850509538,8f49f513966d7077f30e8154e22a04b0,1234,00.53.A,2020-08-19 16:07:57,2
0650523832507538,8e49f513f46d9077f20e8154802ae4b0,1234,00.53.A,2020-08-19 16:08:19,0
0650523832509038,8e49f513f46d7577f20e8154802a01b0,1234,00.53.A,2020-08-19 16:08:20,1
0750523850509538,8f49f513966d7077f30e8154e22a04b0,1234,00.53.A,2020-08-19 16:08:21,2
0650523832507538,8e49f513f46d9077f20e8154802ae4b0,1234,00.53.A,2020-08-19 16:10:51,0
0650523832507538,8e49f513f46d9077f20e8154802ae4b0,1234,00.53.A,2020-08-19 16:11:25,0
0650523832509038,8e49f513f46d7577f20e8154802a01b0,1234,00.53.A,2020-08-19 16:11:26,1
0750523850509538,8f49f513966d7077f30e8154e22a04b0,1234,00.53.A,2020-08-19 16:11:27,2
075052384f508e38,8f49f513896d6b77f30e8154fd2a1fb0,1234,00.53.A,2020-08-19 16:11:28,3
0650523832507538,8e49f513f46d9077f20e8154802ae4b0,1234,00.53.A,2020-08-19 16:12:38,0
0650523832509038,8e49f513f46d7577f20e8154802a01b0,1234,00.53.A,2020-08-19 16:12:38,1
0750523850509538,8f49f513966d7077f30e8154e22a04b0,1234,00.53.A,2020-08-19 16:12:39,2
0650523832507538,8e49f513f46d9077f20e8154802ae4b0,1234,00.53.A,2020-08-20 17:07:13,0
0650523832507538,8e49f513f46d9077f20e8154802ae4b0,1234,00.53.A,2020-08-20 11:28:16,0
0650523832509038,8e49f513f46d7577f20e8154802a01b0,1234,00.53.A,2020-08-20 11:28:17,1
0750523850509538,8f49f513966d7077f30e8154e22a04b0,1234,00.53.A,2020-08-20 11:28:17,2
075052384f508e38,8f49f513896d6b77f30e8154fd2a1fb0,1234,00.53.A,2020-08-20 11:28:18,3
0650523832507538,8e49f513f46d9077f20e8154802ae4b0,1234,00.53.A,2020-08-20 17:30:44,0
0650523832509038,8e49f513f46d7577f20e8154802a01b0,1234,00.53.A,2020-08-20 17:30:45,1
0750523850509538,8f49f513966d7077f30e8154e22a04b0,1234,00.53.A,2020-08-20 17:30:45,2
075052384f508e38,8f49f513896d6b77f30e8154fd2a1fb0,1234,00.53.A,2020-08-20 17:30:46,3
06504b3763508337,06d896aec9be388cbdeba59dfa8de537,7000,00.55.B,2020-08-20 17:34:28,0
06504b3763508337,06d896aec9be388cbdeba59dfa8de537,7000,00.55.B,2020-08-20 17:35:29,0
06504b3763508337,06d896aec9be388cbdeba59dfa8de537,7000,00.55.B,2020-08-21 08:30:26,0
08504b376650b637,08d896aeccbe0d8cb3eba59dff8dd037,7000,00.55.B,2020-08-21 08:42:25,0
08504b376650b637,08d896aeccbe0d8cb3eba59dff8dd037,7000,00.55.B,2020-08-21 08:43:25,0
065052384650c138,06d88fa1ecbe7a83bdebbc92df8da738,7000,00.55.B,2020-08-21 08:45:14,0
0750523862509d38,07d88fa1c8be2683bcebbc92fb8dfb38,7000,00.55.B,2020-08-21 08:47:56,0
075052386150b138,07d88fa1cbbe0a83bcebbc92f88dd738,7000,00.55.B,2020-08-21 08:50:08,0
075052386150b138,07d88fa1cbbe0a83bcebbc92f88dd738,7000,00.55.B,2020-08-21 08:51:00,0
06504b3748507f37,06d896aee2bec48cbdeba59dd18d1937,7000,00.55.B,2020-08-21 08:54:39,0
065052384850af38,06d88fa1e2be1483bdebbc92d18dc938,7000,00.55.B,2020-08-21 08:57:34,0
0650523844506b38,06d88fa1eebed083bdebbc92dd8d0d38,7000,00.55.B,2020-08-21 09:00:30,0
0650523829508038,06d88fa183be3b83bdebbc92b08de638,7000,00.55.B,2020-08-21 09:02:12,0
0650523832507538,06d88fa198bece83bdebbc92ab8d1338,7000,00.55.B,2020-08-21 09:48:59,0
0650523832509038,06d88fa198be2b83bdebbc92ab8df638,7000,00.55.B,2020-08-21 09:50:28,0
0750523850509538,07d88fa1fabe2e83bcebbc92c98df338,7000,00.55.B,2020-08-21 09:52:04,0
075052384f508e38,07d88fa1e5be3583bcebbc92d68de838,7000,00.55.B,2020-08-21 09:53:23,0
075052384f508e38,07d88fa1e5be3583bcebbc92d68de838,7000,00.55.B,2020-08-21 09:54:53,0
06504b374050a837,06d896aeeabe138cbdeba59dd98dce37,7000,00.55.B,2020-08-21 09:56:18,0
08504b376650aa37,08d896aeccbe118cb3eba59dff8dcc37,7000,00.55.B,2020-08-21 09:59:37,0
0e504b3759508b37,0ed896aef3be308cb5eba59dc08ded37,7000,00.55.B,2020-08-20 16:42:49,0
0e504b3759508b37,0ed896aef3be308cb5eba59dc08ded37,7000,00.55.B,2020-08-20 16:43:18,0
0e504b3759508b37,0ed896aef3be308cb5eba59dc08ded37,7000,00.55.B,2020-08-20 16:44:17,0
0650523844509538,06d88fa1eebe2e83bdebbc92dd8df338,7000,00.55.B,2020-08-20 16:45:47,0
18504b326a507a32,18d896abc0bec189a3eba598f38d1c32,7000,00.55.B,2020-08-20 16:48:15,0
0650523832507538,8e49f513f46d9077f20e8154802ae4b0,1234,00.53.A,2020-08-20 16:50:35,0
0650523844509538,06d88fa1eebe2e83bdebbc92dd8df338,7000,00.55.B,2020-08-20 15:51:04,0
0650523832507538,8e49f513f46d9077f20e8154802ae4b0,1234,00.53.A,2020-08-20 16:51:25,0
0650523832509038,8e49f513f46d7577f20e8154802a01b0,1234,00.53.A,2020-08-20 16:51:26,1
0750523850509538,8f49f513966d7077f30e8154e22a04b0,1234,00.53.A,2020-08-20 16:51:26,2
0650523844509538,06d88fa1eebe2e83bdebbc92dd8df338,7000,00.55.B,2020-08-20 15:55:15,0
0e504b373d508f37,0ed896ae97be348cb5eba59da48de937,7000,00.55.B,2020-08-21 10:06:26,0
05504b377a509837,05d896aed0be238cbeeba59de38dfe37,7000,00.55.B,2020-08-21 10:08:12,0
08504b376f506f37,08d896aec5bed48cb3eba59df68d0937,7000,00.55.B,2020-08-21 10:10:10,0
0e504b3752508837,0ed896aef8be338cb5eba59dcb8dee37,7000,00.55.B,2020-08-21 10:12:57,0
08504b376d506b37,08d896aec7bed08cb3eba59df48d0d37,7000,00.55.B,2020-08-21 10:14:55,0
0750523833508238,07d88fa199be3983bcebbc92aa8de438,7000,00.55.B,2020-08-21 10:25:20,0
0750523830509e38,07d88fa19abe2583bcebbc92a98df838,7000,00.55.B,2020-08-21 10:26:46,0
075052383350b538,07d88fa199be0e83bcebbc92aa8dd338,7000,00.55.B,2020-08-21 10:33:13,0
0750523830507e38,07d88fa19abec583bcebbc92a98d1838,7000,00.55.B,2020-08-21 10:34:50,0
18504b3267506132,18d896abcdbeda89a3eba598fe8d0732,7000,00.55.B,2020-08-21 10:36:24,0
18504b324b508b32,18d896abe1be3089a3eba598d28ded32,7000,00.55.B,2020-08-21 10:40:37,0
18504b3267507b32,18d896abcdbec089a3eba598fe8d1d32,7000,00.55.B,2020-08-21 10:47:13,0
075052386050ae38,07d88fa1cabe1583bcebbc92f98dc838,7000,00.55.B,2020-08-21 10:50:13,0
075052386250b238,07d88fa1c8be0983bcebbc92fb8dd438,7000,00.55.B,2020-08-21 10:53:45,0
0650523832507538,06d88fa198bece83bdebbc92ab8d1338,7000,00.55.B,2020-08-21 09:15:43,0
0650523832509038,06d88fa198be2b83bdebbc92ab8df638,7000,00.55.B,2020-08-21 09:15:44,1
0750523850509538,07d88fa1fabe2e83bcebbc92c98df338,7000,00.55.B,2020-08-21 09:15:45,2
075052384f508e38,07d88fa1e5be3583bcebbc92d68de838,7000,00.55.B,2020-08-21 09:15:46,3
0650523832507538,06d88fa198bece83bdebbc92ab8d1338,7000,00.55.B,2020-08-21 09:08:44,0
0750523850509538,07d88fa1fabe2e83bcebbc92c98df338,7000,00.55.B,2020-08-21 09:08:45,2
075052384f508e38,07d88fa1e5be3583bcebbc92d68de838,7000,00.55.B,2020-08-21 09:08:46,3
0650523832507538,06d88fa198bece83bdebbc92ab8d1338,7000,00.55.B,2020-08-21 09:11:39,0
0650523832509038,06d88fa198be2b83bdebbc92ab8df638,7000,00.55.B,2020-08-21 09:11:39,1
0750523850509538,07d88fa1fabe2e83bcebbc92c98df338,7000,00.55.B,2020-08-21 09:11:40,2
075052384f508e38,07d88fa1e5be3583bcebbc92d68de838,7000,00.55.B,2020-08-21 09:11:40,3
0750523824508f38,07d88fa18ebe3483bcebbc92bd8de938,7000,00.55.B,2020-08-21 11:20:22,0
065052384550be38,06d88fa1efbe0583bdebbc92dc8dd838,7000,00.55.B,2020-08-21 11:21:44,0
18504b326350b432,18d896abc9be0f89a3eba598fa8dd232,7000,00.55.B,2020-08-21 11:23:17,0
075052383e50a238,07d88fa194be1983bcebbc92a78dc438,7000,00.55.B,2020-08-21 11:28:23,0
065052384750a838,06d88fa1edbe1383bdebbc92de8dce38,7000,00.55.B,2020-08-21 11:30:12,0
18504b325e506d32,18d896abf4bed689a3eba598c78d0b32,7000,00.55.B,2020-08-21 11:42:06,0
18504b3262506e32,18d896abc8bed589a3eba598fb8d0832,7000,00.55.B,2020-08-21 11:46:34,0
075052382c50a238,07d88fa186be1983bcebbc92b58dc438,7000,00.55.B,2020-08-21 13:05:52,0
075052382c50a238,07d88fa186be1983bcebbc92b58dc438,7000,00.55.B,2020-08-21 13:06:46,0
18504b3261509632,18d896abcbbe2d89a3eba598f88df032,7000,00.55.B,2020-08-21 13:25:02,0
075052383650b438,07d88fa19cbe0f83bcebbc92af8dd238,7000,00.55.B,2020-08-21 13:26:39,0
075052384f508f38,07d88fa1e5be3483bcebbc92d68de938,7000,00.55.B,2020-08-21 13:33:11,0
075052382c50a238,07d88fa186be1983bcebbc92b58dc438,7000,00.55.B,2020-08-21 14:54:02,0
075052382c50a238,07d88fa186be1983bcebbc92b58dc438,7000,00.55.B,2020-08-21 14:56:55,0
076152382c50a238,07e98fa186be1983bcdabc92b58dd538,8382,00.55.B,2020-08-21 15:04:31,0
076152382c50a238,07e98fa186be1983bcdabc92b58dd538,8382,00.55.B,2020-08-21 15:05:32,0
18614b3261509632,18e996abcbbe2d89a3daa598f88de132,8382,00.55.B,2020-08-21 15:07:07,0
076152384f508f38,07e98fa1e5be3483bcdabc92d68df838,8382,00.55.B,2020-08-21 15:08:36,0
076152383650b438,07e98fa19cbe0f83bcdabc92af8dc338,8382,00.55.B,2020-08-21 15:10:30,0
18614b326050aa32,18e996abcabe1189a3daa598f98ddd32,8382,00.55.B,2020-08-21 15:12:07,0
18614b3261509a32,18e996abcbbe2189a3daa598f88ded32,8382,00.55.B,2020-08-21 15:14:30,0
18614b326050aa32,18e996abcabe1189a3daa598f98ddd32,8382,00.55.B,2020-08-21 15:16:22,0
0e614b3766509037,0ee996aeccbe2b8cb5daa59dff8de737,8382,00.55.B,2020-08-21 15:18:03,0
0e614b375d509237,0ee996aef7be298cb5daa59dc48de537,8382,00.55.B,2020-08-24 12:02:32,0
0e614b375d509237,0ee996aef7be298cb5daa59dc48de537,4722,00.55.B,2020-08-24 12:06:19,0
0e614b375d509237,0ee996aef7be298cb5daa59dc48de537,4722,00.55.B,2020-08-24 12:07:10,0
0e614b375d509237,0ee996aef7be298cb5daa59dc48de537,4722,00.55.B,2020-08-24 12:08:18,0
0661523832508238,06e98fa198be3983bddabc92ab8df538,4722,00.55.B,2020-08-24 12:09:50,0
0661523847508138,06e98fa1edbe3a83bddabc92de8df638,4722,00.55.B,2020-08-24 12:11:49,0
076152383e507538,07e98fa194bece83bcdabc92a78d0238,4722,00.55.B,2020-08-24 12:13:38,0
0761523850508138,07e98fa1fabe3a83bcdabc92c98df638,4722,00.55.B,2020-08-24 12:15:50,0
0750523835508238,07d88fa19fbe3983bcebbc92ac8d0a38,1234,00.55.B,2020-08-24 16:08:03,0
18504b3276508a32,18d896abdcbe3189a3eba598ef8d0232,1234,00.55.B,2020-08-24 16:08:04,1
0e504b3742508c37,0ed896aee8be378cb5eba59ddb8d0437,1234,00.55.B,2020-08-24 16:08:05,2
0750523833508738,07d88fa199be3c83bcebbc92aa8d0f38,1234,00.55.B,2020-08-24 16:08:07,3
0750523835508238,07d88fa19fbe3983bcebbc92ac8d0a38,1234,00.55.B,2020-08-24 15:23:27,0
0750523835508238,07d88fa19fbe3983bcebbc92ac8d0a38,1234,00.55.B,2020-08-24 15:24:14,0
0750523835508238,07d88fa19fbe3983bcebbc92ac8d0a38,1234,00.55.B,2020-08-24 15:25:05,0
0750523835508238,07d88fa19fbe3983bcebbc92ac8d0a38,1234,00.55.B,2020-08-24 15:25:31,0
0750523835508238,07d88fa19fbe3983bcebbc92ac8d0a38,1234,00.55.B,2020-08-24 15:26:03,0
0e504b3742508c37,0ed896aee8be378cb5eba59ddb8d0437,1234,00.55.B,2020-08-24 15:26:05,2
0750523833508738,07d88fa199be3c83bcebbc92aa8d0f38,1234,00.55.B,2020-08-24 15:26:06,3
0750523835508238,07d88fa19fbe3983bcebbc92ac8d0a38,1234,00.55.B,2020-08-24 15:26:42,0
0e504b3742508c37,0ed896aee8be378cb5eba59ddb8d0437,1234,00.55.B,2020-08-24 15:26:44,2
0750523833508738,07d88fa199be3c83bcebbc92aa8d0f38,1234,00.55.B,2020-08-24 15:26:45,3
0750523835508238,07d88fa19fbe3983bcebbc92ac8d0a38,1234,00.55.B,2020-08-24 15:27:14,0
0750523835508238,07d88fa19fbe3983bcebbc92ac8d0a38,1234,00.55.B,2020-08-24 15:27:44,0
DevEUI,AppKey,CustVer,FwVer,Time,Position
18504b3276508a32,18d896abdcbe3189a3eba598ef8dec32,7000,00.55.B,2020-08-24 14:47:28,1
0e504b3742508c37,0ed896aee8be378cb5eba59ddb8dea37,7000,00.55.B,2020-08-24 14:47:29,2
0750523833508738,07d88fa199be3c83bcebbc92aa8de138,7000,00.55.B,2020-08-24 14:47:30,3
18504b3276508a32,18d896abdcbe3189a3eba598ef8dec32,7000,00.55.B,2020-08-24 14:59:28,1
0e504b3742508c37,0ed896aee8be378cb5eba59ddb8dea37,7000,00.55.B,2020-08-24 14:59:29,2
0750523833508738,07d88fa199be3c83bcebbc92aa8de138,7000,00.55.B,2020-08-24 14:59:30,3
0661523827509b38,06e98fa18dbe2083bddabc92be8dec38,8382,00.55.B,2020-08-25 10:05:06,0
0761523876508f38,07e98fa1dcbe3483bcdabc92ef8df838,8382,00.55.B,2020-08-25 10:08:31,0
0761523833507638,07e98fa199becd83bcdabc92aa8d0138,8382,00.55.B,2020-08-25 10:09:58,0
076152383650a838,07e98fa19cbe1383bcdabc92af8ddf38,8382,00.55.B,2020-08-25 10:14:07,0
066152384450af38,06e98fa1eebe1483bddabc92dd8dd838,8382,00.55.B,2020-08-25 10:16:06,0
066152384450af38,06e98fa1eebe1483bddabc92dd8dd838,946,00.55.B,2020-08-25 10:25:18,0
076152383650a838,07e98fa19cbe1383bcdabc92af8ddf38,946,00.55.B,2020-08-25 10:27:09,0
0761523833507638,07e98fa199becd83bcdabc92aa8d0138,946,00.55.B,2020-08-25 10:29:02,0
0761523876508f38,07e98fa1dcbe3483bcdabc92ef8df838,946,00.55.B,2020-08-25 10:31:10,0
0661523827509b38,06e98fa18dbe2083bddabc92be8dec38,946,00.55.B,2020-08-25 10:33:14,0
0661523831507b38,06e98fa19bbec083bddabc92a88d0c38,946,00.55.B,2020-08-25 10:35:30,0
0661523831507b38,06e98fa19bbec083bddabc92a88d0c38,946,00.55.B,2020-08-25 10:37:04,0
076152386050a838,07e98fa1cabe1383bcdabc92f98ddf38,946,00.55.B,2020-08-25 10:39:03,0
0761523840508138,07e98fa1eabe3a83bcdabc92d98df638,946,00.55.B,2020-08-25 10:40:22,0
066152382550a638,06e98fa18fbe1d83bddabc92bc8dd138,946,00.55.B,2020-08-25 10:42:28,0
18614b325150b532,18e996abfbbe0e89a3daa598c88dc232,946,00.55.B,2020-08-25 10:44:03,0
076152383e509738,07e98fa194be2c83bcdabc92a78de038,946,00.55.B,2020-08-25 10:46:21,0
18614b326b508c32,18e996abc1be3789a3daa598f28dfb32,946,00.55.B,2020-08-25 10:49:55,0
0661523829509938,06e98fa183be2283bddabc92b08dee38,946,00.55.B,2020-08-25 10:51:36,0
076152386050a038,07e98fa1cabe1b83bcdabc92f98dd738,946,00.55.B,2020-08-25 10:53:11,0
18614b324f507b32,18e996abe5bec089a3daa598d68d0c32,946,00.55.B,2020-08-25 10:54:35,0
066152384750ae38,06e98fa1edbe1583bddabc92de8dd938,946,00.55.B,2020-08-25 10:56:31,0
0661523844508038,06e98fa1eebe3b83bddabc92dd8df738,946,00.55.B,2020-08-25 10:58:07,0
18614b3262506e32,18e996abc8bed589a3daa598fb8d0832,7000,00.55.B,2020-08-25 13:52:03,0
066152382c50b038,06e98fa186be0b83bddabc92b58dc738,9837,00.55.B,2020-08-27 09:45:16,0
066152382c50b038,06e98fa186be0b83bddabc92b58dc738,9837,00.55.B,2020-08-27 09:45:38,0
066152384750ae38,06e98fa1edbe1583bddabc92de8dd938,8382,00.55.B,2020-08-25 09:26:44,0
066152384750ae38,06e98fa1edbe1583bddabc92de8dd938,8382,00.55.B,2020-08-25 09:27:43,0
0661523844508038,06e98fa1eebe3b83bddabc92dd8df738,8382,00.55.B,2020-08-25 09:34:38,0
18614b324f507b32,18e996abe5bec089a3daa598d68d0c32,8382,00.55.B,2020-08-25 09:36:43,0
076152386050a038,07e98fa1cabe1b83bcdabc92f98dd738,8382,00.55.B,2020-08-25 09:37:59,0
0661523829509938,06e98fa183be2283bddabc92b08dee38,8382,00.55.B,2020-08-25 09:40:09,0
18614b326b508c32,18e996abc1be3789a3daa598f28dfb32,8382,00.55.B,2020-08-25 09:46:00,0
18614b325150b532,18e996abfbbe0e89a3daa598c88dc232,8382,00.55.B,2020-08-25 09:48:28,0
066152382550a638,06e98fa18fbe1d83bddabc92bc8dd138,8382,00.55.B,2020-08-25 09:51:44,0
0761523840508138,07e98fa1eabe3a83bcdabc92d98df638,8382,00.55.B,2020-08-25 09:56:09,0
076152386050a838,07e98fa1cabe1383bcdabc92f98ddf38,8382,00.55.B,2020-08-25 09:57:40,0
0661523831507b38,06e98fa19bbec083bddabc92a88d0c38,8382,00.55.B,2020-08-25 09:59:22,0
076152383e509738,07e98fa194be2c83bcdabc92a78de038,8382,00.55.B,2020-08-25 10:00:42,0
066152382f508738,06e98fa185be3c83bddabc92b68df038,4722,00.55.B,2020-08-27 13:01:23,0
18614b3267508932,18e996abcdbe3289a3daa598fe8dfe32,4722,00.55.B,2020-08-27 13:02:56,0
066152382f50a738,06e98fa185be1c83bddabc92b68dd038,4722,00.55.B,2020-08-27 13:04:22,0
066152383250a238,06e98fa198be1983bddabc92ab8dd538,9837,00.55.B,2020-08-27 12:07:00,0
066152382e508538,06e98fa184be3e83bddabc92b78df238,9837,00.55.B,2020-08-27 12:08:42,0
18614b324750a032,18e996abedbe1b89a3daa598de8dd732,4722,00.55.B,2020-08-27 12:17:41,0
18614b3267506d32,18e996abcdbed689a3daa598fe8d1a32,4722,00.55.B,2020-08-27 12:20:06,0
0661523830509638,06e98fa19abe2d83bddabc92a98de138,4722,00.55.B,2020-08-27 12:21:31,0
0761523842508338,07e98fa1e8be3883bcdabc92db8df438,4722,00.55.B,2020-08-27 12:23:12,0
18614b3272508d32,18e996abd8be3689a3daa598eb8dfa32,4722,00.55.B,2020-08-27 12:51:25,0
066152382f50a738,06e98fa185be1c83bddabc92b68dd038,9837,00.55.B,2020-08-27 13:08:38,0
18614b3267508932,18e996abcdbe3289a3daa598fe8dfe32,9837,00.55.B,2020-08-27 13:10:16,0
18614b3248507532,18e996abe2bece89a3daa598d18d0232,9837,00.55.B,2020-08-27 11:08:49,0
18614b3270509132,18e996abdabe2a89a3daa598e98de632,9837,00.55.B,2020-08-27 11:10:18,0
066152382750a038,06e98fa18dbe1b83bddabc92be8dd738,9837,00.55.B,2020-08-27 11:11:45,0
066152382b509538,06e98fa181be2e83bddabc92b28de238,9837,00.55.B,2020-08-27 11:16:25,0
0761523874509338,07e98fa1debe2883bcdabc92ed8de438,9837,00.55.B,2020-08-27 11:17:44,0
0661523846509d38,06e98fa1ecbe2683bddabc92df8dea38,9837,00.55.B,2020-08-27 11:20:36,0
076152384f50b938,07e98fa1e5be0283bcdabc92d68dce38,9837,00.55.B,2020-08-27 11:22:31,0
066152384950be38,06e98fa1e3be0583bddabc92d08dc938,9837,00.55.B,2020-08-27 11:23:55,0
18614b3270509b32,18e996abdabe2089a3daa598e98dec32,9837,00.55.B,2020-08-27 11:25:49,0
066152382f507b38,06e98fa185bec083bddabc92b68d0c38,9837,00.55.B,2020-08-27 15:24:22,0
066152382e508938,06e98fa184be3283bddabc92b78dfe38,9837,00.55.B,2020-08-27 15:25:29,0
066152382e509738,06e98fa184be2c83bddabc92b78de038,9837,00.55.B,2020-08-27 15:27:08,0
0661523833508a38,06e98fa199be3183bddabc92aa8dfd38,9837,00.55.B,2020-08-27 15:28:35,0
0661523831509038,06e98fa19bbe2b83bddabc92a88de738,9837,00.55.B,2020-08-27 13:27:58,0
076152387550a638,07e98fa1dfbe1d83bcdabc92ec8dd138,9837,00.55.B,2020-08-27 10:30:07,0
0661523845509938,06e98fa1efbe2283bddabc92dc8dee38,9837,00.55.B,2020-08-27 10:31:39,0
076152384f508738,07e98fa1e5be3c83bcdabc92d68df038,9837,00.55.B,2020-08-27 10:33:59,0
076152386150af38,07e98fa1cbbe1483bcdabc92f88dd838,9837,00.55.B,2020-08-27 10:35:35,0
076152384e506b38,07e98fa1e4bed083bcdabc92d78d1c38,9837,00.55.B,2020-08-27 10:36:52,0
0761523834507538,07e98fa19ebece83bcdabc92ad8d0238,9837,00.55.B,2020-08-27 10:38:08,0
0761523834509938,07e98fa19ebe2283bcdabc92ad8dee38,9837,00.55.B,2020-08-27 11:30:33,0
0661523831509238,06e98fa19bbe2983bddabc92a88de538,9837,00.55.B,2020-08-27 13:33:11,0
18614b324a509732,18e996abe0be2c89a3daa598d38de032,9837,00.55.B,2020-08-27 13:34:31,0
066152382e508338,06e98fa184be3883bddabc92b78df438,9837,00.55.B,2020-08-27 13:36:05,0
0661523830509838,06e98fa19abe2383bddabc92a98def38,9837,00.55.B,2020-08-27 13:37:47,0
0761523832509338,07e98fa198be2883bcdabc92ab8de438,9837,00.55.B,2020-08-27 11:34:19,0
066152382950a438,06e98fa183be1f83bddabc92b08dd338,9837,00.55.B,2020-08-27 11:36:13,0
0661523828509f38,06e98fa182be2483bddabc92b18de838,9837,00.55.B,2020-08-27 11:37:27,0
0661523826508438,06e98fa18cbe3f83bddabc92bf8df338,9837,00.55.B,2020-08-27 11:38:47,0
066152382f508338,06e98fa185be3883bddabc92b68df438,9837,00.55.B,2020-08-27 11:41:16,0
18614b3267507832,18e996abcdbec389a3daa598fe8d0f32,9837,00.55.B,2020-08-27 11:53:55,0
18614b3249509232,18e996abe3be2989a3daa598d08de532,9837,00.55.B,2020-08-27 14:37:24,0
0761523874509038,07e98fa1debe2b83bcdabc92ed8de738,9837,00.55.B,2020-08-27 14:39:58,0
0e614b376350a537,0ee996aec9be1e8cb5daa59dfa8dd237,9837,00.55.B,2020-08-27 14:41:17,0
066152382e509138,06e98fa184be2a83bddabc92b78de638,9837,00.55.B,2020-08-27 14:43:25,0
066152382b50a538,06e98fa181be1e83bddabc92b28dd238,9837,00.55.B,2020-08-27 14:45:20,0
0761523841508838,07e98fa1ebbe3383bcdabc92d88dff38,9837,00.55.B,2020-08-27 14:46:55,0
0661523831508d38,06e98fa19bbe3683bddabc92a88dfa38,9837,00.55.B,2020-08-27 15:41:55,0
0661523831508238,06e98fa19bbe3983bddabc92a88df538,9837,00.55.B,2020-08-27 15:43:05,0
0661523830509e38,06e98fa19abe2583bddabc92a98de938,9837,00.55.B,2020-08-27 15:44:02,0
0661523830508638,06e98fa19abe3d83bddabc92a98df138,9837,00.55.B,2020-08-27 15:45:08,0
18614b3267509232,18e996abcdbe2989a3daa598fe8de532,9837,00.55.B,2020-08-27 15:46:35,0
066152382e50ac38,06e98fa184be1783bddabc92b78ddb38,9837,00.55.B,2020-08-27 15:47:38,0
0761523835508938,07e98fa19fbe3283bcdabc92ac8dfe38,9837,00.55.B,2020-08-27 10:43:02,0
076152383e508e38,07e98fa194be3583bcdabc92a78df938,9837,00.55.B,2020-08-27 10:44:47,0
066152384450bb38,06e98fa1eebe0083bddabc92dd8dcc38,9837,00.55.B,2020-08-27 10:47:28,0
0661523829509638,06e98fa183be2d83bddabc92b08de138,9837,00.55.B,2020-08-27 10:48:49,0
0661523845509c38,06e98fa1efbe2783bddabc92dc8deb38,9837,00.55.B,2020-08-27 10:50:08,0
0661523860508c38,06e98fa1cabe3783bddabc92f98dfb38,9837,00.55.B,2020-08-27 10:51:31,0
066152382b508b38,06e98fa181be3083bddabc92b28dfc38,9837,00.55.B,2020-08-27 13:44:02,0
0661523831509a38,06e98fa19bbe2183bddabc92a88ded38,9837,00.55.B,2020-08-27 13:47:03,0
0661523833509c38,06e98fa199be2783bddabc92aa8deb38,9837,00.55.B,2020-08-27 13:50:04,0
066152382e50a338,06e98fa184be1883bddabc92b78dd438,9837,00.55.B,2020-08-27 13:51:27,0
18614b3276508832,18e996abdcbe3389a3daa598ef8dff32,9837,00.55.B,2020-08-27 13:58:35,0
0661523830508138,06e98fa19abe3a83bddabc92a98df638,9837,00.55.B,2020-08-27 13:59:50,0
066152382d508538,06e98fa187be3e83bddabc92b48df238,9837,00.55.B,2020-08-27 14:02:16,0
0661523832509c38,06e98fa198be2783bddabc92ab8deb38,9837,00.55.B,2020-08-27 14:03:54,0
0661523831509e38,06e98fa19bbe2583bddabc92a88de938,9837,00.55.B,2020-08-27 14:05:32,0
0661523831507538,06e98fa19bbece83bddabc92a88d0238,9837,00.55.B,2020-08-27 14:06:26,0
066152382f508238,06e98fa185be3983bddabc92b68df538,9837,00.55.B,2020-08-27 14:07:30,0
066152383250aa38,06e98fa198be1183bddabc92ab8ddd38,9837,00.55.B,2020-08-27 14:08:47,0
076152383a509438,07e98fa190be2f83bcdabc92a38de338,9837,00.55.B,2020-08-27 15:52:00,0
076152383a509438,07e98fa190be2f83bcdabc92a38de338,9837,00.55.B,2020-08-27 15:52:25,0
0661523831508f38,06e98fa19bbe3483bddabc92a88df838,9837,00.55.B,2020-08-27 15:53:45,0
0661523832508c38,06e98fa198be3783bddabc92ab8dfb38,9837,00.55.B,2020-08-27 15:55:01,0
066152382f50a138,06e98fa185be1a83bddabc92b68df438,8979,00.55.B,2020-08-31 13:17:49,0
0661523832507338,06e98fa198bec883bddabc92ab8d0438,9837,00.55.B,2020-08-27 14:50:35,0
18614b326350ae32,18e996abc9be1589a3daa598fa8dd932,9837,00.55.B,2020-08-27 14:51:51,0
0761523874509f38,07e98fa1debe2483bcdabc92ed8de838,9837,00.55.B,2020-08-27 14:53:02,0
066152382c50b038,06e98fa186be0b83bddabc92b58dc738,9837,00.55.B,2020-08-27 09:53:13,0
076152383e509638,07e98fa194be2d83bcdabc92a78de138,9837,00.55.B,2020-08-27 10:55:15,0
18614b3271508a32,18e996abdbbe3189a3daa598e88dfd32,9837,00.55.B,2020-08-27 10:57:07,0
18614b3260509a32,18e996abcabe2189a3daa598f98ded32,9837,00.55.B,2020-08-27 10:58:20,0
0761523831507a38,07e98fa19bbec183bcdabc92a88d0d38,9837,00.55.B,2020-08-27 10:59:52,0
076152387550a238,07e98fa1dfbe1983bcdabc92ec8dd538,9837,00.55.B,2020-08-27 11:01:26,0
066152383050b538,06e98fa19abe0e83bddabc92a98dc238,9837,00.55.B,2020-08-27 14:56:05,0
0661523831509038,06e98fa19bbe2b83bddabc92a88de738,4722,00.55.B,2020-08-27 12:57:36,0
066152382f509b38,06e98fa185be2083bddabc92b68dec38,9837,00.55.B,2020-08-27 11:57:38,0
18614b324f507832,18e996abe5bec389a3daa598d68d0f32,9837,00.55.B,2020-08-27 11:58:50,0
066152382f508838,06e98fa185be3383bddabc92b68dff38,9837,00.55.B,2020-08-27 12:00:30,0
066152383350a438,06e98fa199be1f83bddabc92aa8dd338,9837,00.55.B,2020-08-27 12:01:52,0
0661523830509c38,06e98fa19abe2783bddabc92a98deb38,9837,00.55.B,2020-08-27 14:59:09,0
18614b3247507132,18e996abedbeca89a3daa598de8d0632,9837,00.55.B,2020-08-27 15:00:24,0
0761523874508e38,07e98fa1debe3583bcdabc92ed8df938,9837,00.55.B,2020-08-27 15:01:40,0
066152382f508138,06e98fa185be3a83bddabc92b68df638,9837,00.55.B,2020-08-27 15:02:54,0
18614b3263506732,18e996abc9bedc89a3daa598fa8d1032,9837,00.55.B,2020-08-27 15:07:30,0
066152382c509238,06e98fa186be2983bddabc92b58de538,9837,00.55.B,2020-08-27 15:10:59,0
066152382c50a438,06e98fa186be1f83bddabc92b58dd338,9837,00.55.B,2020-08-27 15:12:08,0
066152383150ab38,06e98fa19bbe1083bddabc92a88ddc38,9837,00.55.B,2020-08-27 15:13:21,0
076152387450af38,07e98fa1debe1483bcdabc92ed8dd838,9837,00.55.B,2020-08-27 15:15:25,0
066152383150ae38,06e98fa19bbe1583bddabc92a88dd938,9837,00.55.B,2020-08-27 15:16:29,0
18614b324950a832,18e996abe3be1389a3daa598d08ddf32,9837,00.55.B,2020-08-27 15:17:39,0
18614b3277509c32,18e996abddbe2789a3daa598ee8deb32,9837,00.55.B,2020-08-27 15:18:58,0
18614b3249509332,18e996abe3be2889a3daa598d08de432,9837,00.55.B,2020-08-27 15:20:14,0
0661523831507838,06e98fa19bbec383bddabc92a88d0f38,9837,00.55.B,2020-08-27 15:21:17,0
0661523831509c38,06e98fa19bbe2783bddabc92a88dc938,8979,00.55.B,2020-09-01 10:25:00,0
0750523835508238,07d88fa19fbe3983bcebbc92ac8d0a38,1234,00.55.B,2020-08-31 15:08:23,0
18504b3276508a32,18d896abdcbe3189a3eba598ef8d0232,1234,00.55.B,2020-08-31 15:08:25,1
0e504b3742508c37,0ed896aee8be378cb5eba59ddb8d0437,1234,00.55.B,2020-08-31 15:08:26,2
0750523833508738,07d88fa199be3c83bcebbc92aa8d0f38,1234,00.55.B,2020-08-31 15:08:27,3
0761523835508238,07e98fa19fbe3983bcdabc92ac8dd738,8979,00.55.B,2020-09-02 10:48:20,0
18614b3276508a32,18e996abdcbe3189a3daa598ef8ddf32,8979,00.55.B,2020-09-02 10:48:21,1
0e614b3742508c37,0ee996aee8be378cb5daa59ddb8dd937,8979,00.55.B,2020-09-02 10:48:23,2
0761523833508738,07e98fa199be3c83bcdabc92aa8dd238,8979,00.55.B,2020-09-02 10:48:24,3
076152383e50b738,07e98fa194be0c83bcdabc92a78de238,8979,00.55.B,2020-09-02 10:54:01,0
18614b324e50aa32,18e996abe4be1189a3daa598d78dff32,8979,00.55.B,2020-09-02 10:54:02,1
18614b3248508532,18e996abe2be3e89a3daa598d18dd032,8979,00.55.B,2020-09-02 10:54:03,2
18614b3262506c32,18e996abc8bed789a3daa598fb8d3932,8979,00.55.B,2020-09-02 10:54:05,3
0661523847509b38,06e98fa1edbe2083bddabc92de8dce38,8979,00.55.B,2020-09-02 10:58:32,0
18614b325e509432,18e996abf4be2f89a3daa598c78dc132,8979,00.55.B,2020-09-02 10:58:33,1
076152383f508638,07e98fa195be3d83bcdabc92a68dd338,8979,00.55.B,2020-09-02 10:58:35,2
18614b325150a732,18e996abfbbe1c89a3daa598c88df232,8979,00.55.B,2020-09-02 10:58:36,3
18614b325e507d32,18e996abf4bec689a3daa598c78d2832,8979,00.55.B,2020-09-02 11:04:16,0
076152384250c138,07e98fa1e8be7a83bcdabc92db8d9438,8979,00.55.B,2020-09-02 11:04:17,1
18614b324a509c32,18e996abe0be2789a3daa598d38dc932,8979,00.55.B,2020-09-02 11:04:19,2
0661523844509738,06e98fa1eebe2c83bddabc92dd8dc238,8979,00.55.B,2020-09-02 11:04:20,3
18614b3250508132,18e996abfabe3a89a3daa598c98dd432,8979,00.55.B,2020-09-02 11:09:08,1
076152383c50be38,07e98fa196be0583bcdabc92a58deb38,8979,00.55.B,2020-09-02 11:09:08,2
18614b324e509532,18e996abe4be2e89a3daa598d78dc032,8979,00.55.B,2020-09-02 11:09:08,3
,,,,2020-09-02 11:11:45,0
18614b3250508132,18e996abfabe3a89a3daa598c98dd432,8979,00.55.B,2020-09-02 11:11:46,1
076152383c50be38,07e98fa196be0583bcdabc92a58deb38,8979,00.55.B,2020-09-02 11:11:47,2
18614b324e509532,18e996abe4be2e89a3daa598d78dc032,8979,00.55.B,2020-09-02 11:11:48,3
18614b325d507132,18e996abf7beca89a3daa598c48d2432,8979,00.55.B,2020-09-02 11:17:37,0
18614b326a509232,18e996abc0be2989a3daa598f38dc732,8979,00.55.B,2020-09-02 11:17:38,1
0761523842508f38,07e98fa1e8be3483bcdabc92db8dda38,8979,00.55.B,2020-09-02 11:17:40,2
076152384250ab38,07e98fa1e8be1083bcdabc92db8dfe38,8979,00.55.B,2020-09-02 11:17:41,3
066152384450a338,06e98fa1eebe1883bddabc92dd8df638,8979,00.55.B,2020-09-02 11:21:43,0
18614b3260508a32,18e996abcabe3189a3daa598f98ddf32,8979,00.55.B,2020-09-02 11:21:44,1
066152384750b238,06e98fa1edbe0983bddabc92de8de738,8979,00.55.B,2020-09-02 11:21:46,2
18614b324b50b632,18e996abe1be0d89a3daa598d28de332,8979,00.55.B,2020-09-02 11:21:47,3
0661523843508438,06e98fa1e9be3f83bddabc92da8dd138,8979,00.55.B,2020-09-02 11:26:30,0
18614b3251509d32,18e996abfbbe2689a3daa598c88dc832,8979,00.55.B,2020-09-02 11:26:30,1
066152384650b138,06e98fa1ecbe0a83bddabc92df8de438,8979,00.55.B,2020-09-02 11:31:30,0
18614b324b507732,18e996abe1becc89a3daa598d28d2232,8979,00.55.B,2020-09-02 11:31:31,1
18614b3251509d32,18e996abfbbe2689a3daa598c88dc832,8979,00.55.B,2020-09-02 11:31:33,2
0661523843508438,06e98fa1e9be3f83bddabc92da8dd138,8979,00.55.B,2020-09-02 11:31:34,3
0661523847508338,06e98fa1edbe3883bddabc92de8dd638,8979,00.55.B,2020-09-02 11:36:28,0
18614b326d508032,18e996abc7be3b89a3daa598f48dd532,8979,00.55.B,2020-09-02 11:41:50,0
18614b3260508832,18e996abcabe3389a3daa598f98ddd32,8979,00.55.B,2020-09-02 11:41:51,1
0761523842509b38,07e98fa1e8be2083bcdabc92db8dce38,8979,00.55.B,2020-09-02 11:41:52,2
18614b3261507a32,18e996abcbbec189a3daa598f88d2f32,8979,00.55.B,2020-09-02 11:41:54,3
076152383f50ad38,07e98fa195be1683bcdabc92a68df838,8979,00.55.B,2020-09-02 11:46:19,1
18614b326050ba32,18e996abcabe0189a3daa598f98def32,8979,00.55.B,2020-09-02 11:46:19,2
18614b325150b732,18e996abfbbe0c89a3daa598c88de232,8979,00.55.B,2020-09-02 11:46:19,3
0661523831509c38,06e98fa19bbe2783bddabc92a88dc938,8979,00.55.B,2020-09-01 10:26:57,0
066152382f508e38,06e98fa185be3583bddabc92b68df938,7754,00.55.B,2020-09-01 15:41:55,0
18614b3247508932,18e996abedbe3289a3daa598de8dfe32,7754,00.55.B,2020-09-01 15:43:04,0
0661523830507838,06e98fa19abec383bddabc92a98d0f38,7754,00.55.B,2020-09-01 15:44:26,0
0661523833508638,06e98fa199be3d83bddabc92aa8df138,7754,00.55.B,2020-09-01 15:45:57,0
066152382d508138,06e98fa187be3a83bddabc92b48df638,7754,00.55.B,2020-09-01 15:47:15,0
,,,,2020-09-08 13:35:45,0
18614b326050aa32,18e996abcabe1189a3daa598f98ddd32,8382,00.55.B,2020-09-08 13:40:09,0
18614b326050aa32,18e996abcabe1189a3daa598f98ddd32,8382,00.55.B,2020-09-08 13:44:31,0
18614b3248509a32,18e996abe2be2189a3daa598d18ded32,8382,00.55.B,2020-09-08 13:52:16,0
18614b3248509a32,18e996abe2be2189a3daa598d18ded32,8382,00.55.B,2020-09-08 13:53:08,0
18614b324b508a32,18e996abe1be3189a3daa598d28ddf32,8979,00.55.B,2020-09-02 15:38:53,0
076152383b50b338,07e98fa191be0883bcdabc92a28de638,8979,00.55.B,2020-09-02 15:38:55,1
076152386250a838,07e98fa1c8be1383bcdabc92fb8dfd38,8979,00.55.B,2020-09-02 15:38:56,2
18614b324a506932,18e996abe0bed289a3daa598d38d3c32,8979,00.55.B,2020-09-02 15:38:58,3
,,,,2020-09-02 15:43:48,0
,,,,2020-09-02 15:43:49,1
18614b324e50b632,18e996abe4be0d89a3daa598d78de332,8979,00.55.B,2020-09-02 15:57:07,0
,,,,2020-09-02 15:57:09,1
18614b326150b132,18e996abcbbe0a89a3daa598f88de432,8979,00.55.B,2020-09-02 15:57:10,2
18614b3251508932,18e996abfbbe3289a3daa598c88ddc32,8979,00.55.B,2020-09-02 15:57:11,3
,,,,2020-09-02 16:07:37,0
,,,,2020-09-02 16:07:38,1
18614b3270509332,18e996abdabe2889a3daa598e98dc632,8979,00.55.B,2020-09-02 16:07:39,2
18614b328e508732,18e996ab24be3c89a3daa598178dd232,8979,00.55.B,2020-09-02 16:07:40,3
066152384450a238,06e98fa1eebe1983bddabc92dd8df738,8979,00.55.B,2020-09-02 16:11:04,0
18614b326050bb32,18e996abcabe0089a3daa598f98dee32,8979,00.55.B,2020-09-02 16:11:06,1
18614b324b507932,18e996abe1bec289a3daa598d28d2c32,8979,00.55.B,2020-09-02 16:11:07,2
,,,,2020-09-02 16:11:09,3
,,,,2020-09-02 16:14:21,0
18614b325e50ac32,18e996abf4be1789a3daa598c78df932,8979,00.55.B,2020-09-02 16:15:13,0
076152385050aa38,07e98fa1fabe1183bcdabc92c98dff38,8979,00.55.B,2020-09-02 16:19:07,0
076152383b50a438,07e98fa191be1f83bcdabc92a28df138,8979,00.55.B,2020-09-02 16:19:08,1
18614b324a509432,18e996abe0be2f89a3daa598d38dc132,8979,00.55.B,2020-09-02 16:19:10,2
0761523841506f38,07e98fa1ebbed483bcdabc92d88d3a38,8979,00.55.B,2020-09-02 16:23:54,0
0761523839509e38,07e98fa193be2583bcdabc92a08dcb38,8979,00.55.B,2020-09-02 16:23:56,1
,,,,2020-09-02 16:23:58,2
18614b3262506d32,18e996abc8bed689a3daa598fb8d3832,8979,00.55.B,2020-09-02 16:23:59,3
0761523841506f38,07e98fa1ebbed483bcdabc92d88d3a38,8979,00.55.B,2020-09-10 11:02:57,0
0761523839509e38,07e98fa193be2583bcdabc92a08dcb38,8979,00.55.B,2020-09-10 11:02:58,1
18614b324f507932,18e996abe5bec289a3daa598d68d2c32,8979,00.55.B,2020-09-10 11:03:00,2
,,,,2020-09-10 11:03:01,3
0761523841506f38,07e98fa1ebbed483bcdabc92d88d3a38,8979,00.55.B,2020-09-10 11:04:21,0
0761523839509e38,07e98fa193be2583bcdabc92a08dcb38,8979,00.55.B,2020-09-10 11:04:21,1
18614b324f507932,18e996abe5bec289a3daa598d68d2c32,8979,00.55.B,2020-09-10 11:04:21,2
18614b328d508432,18e996ab27be3f89a3daa598148dd132,8979,00.55.B,2020-09-02 13:28:00,0
076152383a50ad38,07e98fa190be1683bcdabc92a38df838,8979,00.55.B,2020-09-02 13:28:02,1
,,,,2020-09-02 13:28:04,2
18614b3261506932,18e996abcbbed289a3daa598f88d3c32,8979,00.55.B,2020-09-02 13:28:05,3
18614b324f506632,18e996abe5bedd89a3daa598d68d3332,8979,00.55.B,2020-09-02 13:33:26,1
0761523840509238,07e98fa1eabe2983bcdabc92d98dc738,8979,00.55.B,2020-09-02 13:33:26,2
18614b3271509a32,18e996abdbbe2189a3daa598e88dcf32,8979,00.55.B,2020-09-02 13:33:26,3
18614b3271509a32,18e996abdbbe2189a3daa598e88dcf32,8979,00.55.B,2020-09-02 13:38:37,0
076152384050ab38,07e98fa1eabe1083bcdabc92d98dfe38,8979,00.55.B,2020-09-02 13:38:38,1
0761523840509238,07e98fa1eabe2983bcdabc92d98dc738,8979,00.55.B,2020-09-02 13:38:39,2
18614b324f506632,18e996abe5bedd89a3daa598d68d3332,8979,00.55.B,2020-09-02 13:38:40,3
0661523845507938,06e98fa1efbec283bddabc92dc8d2c38,8979,00.55.B,2020-09-02 13:42:52,0
18614b3250508632,18e996abfabe3d89a3daa598c98dd332,8979,00.55.B,2020-09-02 14:31:17,0
0761523843506d38,07e98fa1e9bed683bcdabc92da8d3838,8979,00.55.B,2020-09-02 14:31:18,1
18614b324f50a432,18e996abe5be1f89a3daa598d68df132,8979,00.55.B,2020-09-02 14:31:19,2
0661523825509c38,06e98fa18fbe2783bddabc92bc8dc938,8979,00.55.B,2020-09-02 14:31:21,3
18614b324c508432,18e996abe6be3f89a3daa598d58dd132,8979,00.55.B,2020-09-02 14:40:25,1
18614b3250507732,18e996abfabecc89a3daa598c98d2232,8979,00.55.B,2020-09-02 14:40:25,2
18614b324c508432,18e996abe6be3f89a3daa598d58dd132,8979,00.55.B,2020-09-02 14:42:39,0
076152384250ba38,07e98fa1e8be0183bcdabc92db8def38,8979,00.55.B,2020-09-02 14:42:39,1
076152383a508338,07e98fa190be3883bcdabc92a38dd638,8979,00.55.B,2020-09-02 14:42:40,2
18614b3250507732,18e996abfabecc89a3daa598c98d2232,8979,00.55.B,2020-09-02 14:42:40,3
18614b324c508432,18e996abe6be3f89a3daa598d58dd132,8979,00.55.B,2020-09-02 14:43:06,0
076152384250ba38,07e98fa1e8be0183bcdabc92db8def38,8979,00.55.B,2020-09-02 14:43:08,1
076152383a508338,07e98fa190be3883bcdabc92a38dd638,8979,00.55.B,2020-09-02 14:43:09,2
18614b3250507732,18e996abfabecc89a3daa598c98d2232,8979,00.55.B,2020-09-02 14:43:10,3
18614b324a509a32,18e996abe0be2189a3daa598d38dcf32,8979,00.55.B,2020-09-02 14:48:34,0
18614b324c507332,18e996abe6bec889a3daa598d58d2632,8979,00.55.B,2020-09-02 14:48:35,1
0761523877508238,07e98fa1ddbe3983bcdabc92ee8dd738,8979,00.55.B,2020-09-02 14:48:36,2
0761523841508438,07e98fa1ebbe3f83bcdabc92d88dd138,8979,00.55.B,2020-09-02 14:48:38,3
18614b3261508832,18e996abcbbe3389a3daa598f88ddd32,8979,00.55.B,2020-09-02 14:54:28,0
18614b3261509f32,18e996abcbbe2489a3daa598f88dca32,8979,00.55.B,2020-09-02 14:54:28,2
18614b324e507632,18e996abe4becd89a3daa598d78d2332,8979,00.55.B,2020-09-02 14:54:28,3
18614b3261508832,18e996abcbbe3389a3daa598f88ddd32,8979,00.55.B,2020-09-02 14:59:04,0
18614b324f508b32,18e996abe5be3089a3daa598d68dde32,8979,00.55.B,2020-09-02 14:59:06,1
18614b324e507632,18e996abe4becd89a3daa598d78d2332,8979,00.55.B,2020-09-02 14:59:07,2
18614b3261509f32,18e996abcbbe2489a3daa598f88dca32,8979,00.55.B,2020-09-02 14:59:08,3
17614b3287507b32,17e996ab2dbec089acdaa5981e8d2e32,8979,00.55.B,2020-09-02 15:04:19,0
076152386150bc38,07e98fa1cbbe0783bcdabc92f88de938,8979,00.55.B,2020-09-02 15:04:21,1
18614b3266506432,18e996abccbedf89a3daa598ff8d3132,8979,00.55.B,2020-09-02 15:04:22,2
076152383f509c38,07e98fa195be2783bcdabc92a68dc938,8979,00.55.B,2020-09-02 15:04:24,3
,,,,2020-09-02 15:12:38,0
,,,,2020-09-02 15:12:40,1
076152386250a838,07e98fa1c8be1383bcdabc92fb8dfd38,8979,00.55.B,2020-09-02 15:12:41,2
18614b324a506932,18e996abe0bed289a3daa598d38d3c32,8979,00.55.B,2020-09-02 15:12:42,3
18614b324b508a32,18e996abe1be3189a3daa598d28ddf32,8979,00.55.B,2020-09-02 15:15:15,1
076152386250a838,07e98fa1c8be1383bcdabc92fb8dfd38,8979,00.55.B,2020-09-02 15:15:15,2
18614b324a506932,18e996abe0bed289a3daa598d38d3c32,8979,00.55.B,2020-09-02 15:15:15,3
18614b328d508532,18e996ab27be3e89a3daa598148dd032,8979,00.55.B,2020-09-02 13:47:23,0
18614b3270508732,18e996abdabe3c89a3daa598e98dd232,8979,00.55.B,2020-09-02 13:47:24,1
18614b3270509732,18e996abdabe2c89a3daa598e98dc232,8979,00.55.B,2020-09-02 13:47:26,2
18614b3271508332,18e996abdbbe3889a3daa598e88dd632,8979,00.55.B,2020-09-02 13:47:27,3
076152384250c038,07e98fa1e8be7b83bcdabc92db8d9538,8979,00.55.B,2020-09-02 13:52:40,0
0661523844509e38,06e98fa1eebe2583bddabc92dd8dcb38,8979,00.55.B,2020-09-02 13:52:42,1
076152384050b838,07e98fa1eabe0383bcdabc92d98ded38,8979,00.55.B,2020-09-02 13:52:43,2
0761523877507e38,07e98fa1ddbec583bcdabc92ee8d2b38,8979,00.55.B,2020-09-02 13:52:44,3
18614b326050ba32,18e996abcabe0189a3daa598f98def32,8979,00.55.B,2020-09-02 11:50:42,0
076152383a509f38,07e98fa190be2483bcdabc92a38dca38,8979,00.55.B,2020-09-02 11:50:43,1
18614b325150b732,18e996abfbbe0c89a3daa598c88de232,8979,00.55.B,2020-09-02 11:50:45,2
076152383f50ad38,07e98fa195be1683bcdabc92a68df838,8979,00.55.B,2020-09-02 11:50:46,3
,,,,2020-09-02 11:57:28,0
066152384650b338,06e98fa1ecbe0883bddabc92df8de638,8979,00.55.B,2020-09-02 11:57:29,1
18614b325150b332,18e996abfbbe0889a3daa598c88de632,8979,00.55.B,2020-09-02 11:57:30,2
,,,,2020-09-02 11:57:32,3
18614b3270507b32,18e996abdabec089a3daa598e98d2e32,8979,00.55.B,2020-09-02 11:58:48,0
066152384650b338,06e98fa1ecbe0883bddabc92df8de638,8979,00.55.B,2020-09-02 11:58:49,1
18614b325150b332,18e996abfbbe0889a3daa598c88de632,8979,00.55.B,2020-09-02 11:58:50,2
076152384150b438,07e98fa1ebbe0f83bcdabc92d88de138,8979,00.55.B,2020-09-02 11:58:52,3
076152383f508838,07e98fa195be3383bcdabc92a68ddd38,8979,00.55.B,2020-09-02 13:05:59,0
066152384550b538,06e98fa1efbe0e83bddabc92dc8de038,8979,00.55.B,2020-09-02 13:06:00,1
18614b3250507432,18e996abfabecf89a3daa598c98d2132,8979,00.55.B,2020-09-02 13:06:01,2
18614b324b507132,18e996abe1beca89a3daa598d28d2432,8979,00.55.B,2020-09-02 13:06:03,3
18614b3261508f32,18e996abcbbe3489a3daa598f88dda32,8979,00.55.B,2020-09-02 13:11:09,0
066152384550a638,06e98fa1efbe1d83bddabc92dc8df338,8979,00.55.B,2020-09-02 13:11:10,1
076152384050ad38,07e98fa1eabe1683bcdabc92d98df838,8979,00.55.B,2020-09-02 13:11:12,2
076152386250b638,07e98fa1c8be0d83bcdabc92fb8de338,8979,00.55.B,2020-09-02 13:11:13,3
076152383950b538,07e98fa193be0e83bcdabc92a08de038,8979,00.55.B,2020-09-02 13:17:57,0
18614b325e506232,18e996abf4bed989a3daa598c78d3732,8979,00.55.B,2020-09-02 13:17:58,1
0761523842509538,07e98fa1e8be2e83bcdabc92db8dc038,8979,00.55.B,2020-09-02 13:18:00,2
18614b325e507f32,18e996abf4bec489a3daa598c78d2a32,8979,00.55.B,2020-09-02 13:18:01,3
0661523843508338,06e98fa1e9be3883bddabc92da8dd638,8979,00.55.B,2020-09-02 14:01:09,0
0661523846509338,06e98fa1ecbe2883bddabc92df8dc638,8979,00.55.B,2020-09-02 14:01:10,1
18614b3272508b32,18e996abd8be3089a3daa598eb8dde32,8979,00.55.B,2020-09-02 14:01:12,2
0761523861509338,07e98fa1cbbe2883bcdabc92f88dc638,8979,00.55.B,2020-09-02 14:01:13,3
,,,,2020-09-02 14:07:32,0
18614b3251508f32,18e996abfbbe3489a3daa598c88dda32,8979,00.55.B,2020-09-02 14:07:33,1
066152384850ad38,06e98fa1e2be1683bddabc92d18df838,8979,00.55.B,2020-09-02 14:07:34,2
18614b326150a232,18e996abcbbe1989a3daa598f88df732,8979,00.55.B,2020-09-02 14:07:35,3
18614b3251508f32,18e996abfbbe3489a3daa598c88dda32,8979,00.55.B,2020-09-02 14:09:10,0
066152384850ad38,06e98fa1e2be1683bddabc92d18df838,8979,00.55.B,2020-09-02 14:09:10,2
18614b326150a232,18e996abcbbe1989a3daa598f88df732,8979,00.55.B,2020-09-02 14:09:10,3
18614b3261506c32,18e996abcbbed789a3daa598f88d3932,8979,00.55.B,2020-09-02 14:19:04,0
0761523862509738,07e98fa1c8be2c83bcdabc92fb8dc238,8979,00.55.B,2020-09-02 14:22:36,0
18614b324a507632,18e996abe0becd89a3daa598d38d2332,8979,00.55.B,2020-09-02 14:22:37,1
18614b3272509232,18e996abd8be2989a3daa598eb8dc732,8979,00.55.B,2020-09-02 14:22:39,2
076152383a509338,07e98fa190be2883bcdabc92a38dc638,8979,00.55.B,2020-09-02 14:22:40,3
076152383950ac38,07e98fa193be1783bcdabc92a08df938,8979,00.55.B,2020-09-10 13:43:18,0
,,,,2020-09-10 13:43:20,1
0761523850508038,07e98fa1fabe3b83bcdabc92c98dd538,8979,00.55.B,2020-09-10 13:43:21,2
076152383b50a738,07e98fa191be1c83bcdabc92a28df238,8979,00.55.B,2020-09-10 13:43:23,3
0e614b3758508a37,0ee996aef2be318cb5daa59dc18ddf37,8979,00.55.B,2020-09-10 13:50:59,0
076152384150b538,07e98fa1ebbe0e83bcdabc92d88de038,8979,00.55.B,2020-09-10 13:51:00,1
076152383f50b138,07e98fa195be0a83bcdabc92a68de438,8979,00.55.B,2020-09-10 13:51:01,2
0761523826508b38,07e98fa18cbe3083bcdabc92bf8dde38,8979,00.55.B,2020-09-10 13:51:03,3
0e614b375850a337,0ee996aef2be188cb5daa59dc18df637,8979,00.55.B,2020-09-10 13:59:36,0
076152383950a938,07e98fa193be1283bcdabc92a08dfc38,8979,00.55.B,2020-09-10 13:59:37,1
076152382a509a38,07e98fa180be2183bcdabc92b38dcf38,8979,00.55.B,2020-09-10 13:59:39,2
,,,,2020-09-10 13:59:40,3
076152383a509c38,07e98fa190be2783bcdabc92a38dc938,8979,00.55.B,2020-09-10 14:05:53,0
0e614b375c507737,0ee996aef6becc8cb5daa59dc58d2237,8979,00.55.B,2020-09-10 14:05:54,1
076152384150a138,07e98fa1ebbe1a83bcdabc92d88df438,8979,00.55.B,2020-09-10 14:05:55,2
076152383c509c38,07e98fa196be2783bcdabc92a58dc938,8979,00.55.B,2020-09-10 14:05:57,3
,,,,2020-09-10 14:11:01,0
076152385350b938,07e98fa1f9be0283bcdabc92ca8dec38,8979,00.55.B,2020-09-10 14:11:02,1
0e614b3758506937,0ee996aef2bed28cb5daa59dc18d3c37,8979,00.55.B,2020-09-10 14:11:04,2
0761523854506d38,07e98fa1febed683bcdabc92cd8d3838,8979,00.55.B,2020-09-10 14:11:05,3
076152385450bb38,07e98fa1febe0083bcdabc92cd8dee38,8979,00.55.B,2020-09-10 14:12:40,0
076152385350b938,07e98fa1f9be0283bcdabc92ca8dec38,8979,00.55.B,2020-09-10 14:12:42,1
0e614b3758506937,0ee996aef2bed28cb5daa59dc18d3c37,8979,00.55.B,2020-09-10 14:12:43,2
0761523854506d38,07e98fa1febed683bcdabc92cd8d3838,8979,00.55.B,2020-09-10 14:12:44,3
0e614b375d509837,0ee996aef7be238cb5daa59dc48dcd37,8979,00.55.B,2020-09-10 14:17:48,0
0761523827508b38,07e98fa18dbe3083bcdabc92be8dde38,8979,00.55.B,2020-09-10 14:17:49,1
0e614b375b509f37,0ee996aef1be248cb5daa59dc28dca37,8979,00.55.B,2020-09-10 14:17:51,2
076152383c50ba38,07e98fa196be0183bcdabc92a58def38,8979,00.55.B,2020-09-10 14:17:52,3
,,,,2020-09-10 14:26:50,0
076152383b509338,07e98fa191be2883bcdabc92a28dc638,8979,00.55.B,2020-09-10 14:26:51,1
0761523823509438,07e98fa189be2f83bcdabc92ba8dc138,8979,00.55.B,2020-09-10 14:26:52,2
0761523827508838,07e98fa18dbe3383bcdabc92be8ddd38,8979,00.55.B,2020-09-10 14:26:54,3
0e614b3758507737,0ee996aef2becc8cb5daa59dc18d2237,8979,00.55.B,2020-09-10 14:36:14,0
0761523828508538,07e98fa182be3e83bcdabc92b18dd038,8979,00.55.B,2020-09-10 14:36:15,1
0761523823509638,07e98fa189be2d83bcdabc92ba8dc338,8979,00.55.B,2020-09-10 14:36:16,2
,,,,2020-09-10 14:36:18,3
076152382c507e38,07e98fa186bec583bcdabc92b58d2b38,8979,00.55.B,2020-09-10 14:45:05,0
0761523839508738,07e98fa193be3c83bcdabc92a08dd238,8979,00.55.B,2020-09-10 14:45:06,1
076152385250b138,07e98fa1f8be0a83bcdabc92cb8de438,8979,00.55.B,2020-09-10 14:45:08,2
,,,,2020-09-10 14:45:09,3
18614b3262506d32,18e996abc8bed689a3daa598fb8d3832,8979,00.55.B,2020-09-10 14:49:08,0
076152382c509038,07e98fa186be2b83bcdabc92b58dc538,8979,00.55.B,2020-09-10 14:49:09,1
076152383b509538,07e98fa191be2e83bcdabc92a28dc038,8979,00.55.B,2020-09-10 14:49:11,2
,,,,2020-09-10 14:49:12,3
,,,,2020-09-10 14:51:52,0
0761523828508b38,07e98fa182be3083bcdabc92b18dde38,8979,00.55.B,2020-09-10 14:58:01,0
0761523853508e38,07e98fa1f9be3583bcdabc92ca8ddb38,8979,00.55.B,2020-09-10 14:58:02,1
076152382550a138,07e98fa18fbe1a83bcdabc92bc8df438,8979,00.55.B,2020-09-10 14:58:04,2
,,,,2020-09-10 14:58:06,3
,,,,2020-09-10 15:06:40,0
,,,,2020-09-10 15:06:41,1
076152383a507738,07e98fa190becc83bcdabc92a38d2238,8979,00.55.B,2020-09-10 15:06:42,2
0e614b375d506837,0ee996aef7bed38cb5daa59dc48d3d37,8979,00.55.B,2020-09-10 15:06:44,3
0e614b375d506637,0ee996aef7bedd8cb5daa59dc48d3337,8979,00.55.B,2020-09-10 15:18:26,0
076152383c507e38,07e98fa196bec583bcdabc92a58d2b38,8979,00.55.B,2020-09-10 15:18:27,1
0761523841507a38,07e98fa1ebbec183bcdabc92d88d2f38,8979,00.55.B,2020-09-10 15:18:29,2
,,,,2020-09-10 15:18:31,3
,,,,2020-09-10 15:23:23,0
0761523827509538,07e98fa18dbe2e83bcdabc92be8dc038,8979,00.55.B,2020-09-10 15:23:24,1
0e614b3758509237,0ee996aef2be298cb5daa59dc18dc737,8979,00.55.B,2020-09-10 15:23:25,2
,,,,2020-09-10 15:23:27,3
0e614b375d509c37,0ee996aef7be278cb5daa59dc48dc937,8979,00.55.B,2020-09-10 15:30:29,0
0e614b375c509137,0ee996aef6be2a8cb5daa59dc58dc437,8979,00.55.B,2020-09-10 15:30:30,1
0e614b375b50b237,0ee996aef1be098cb5daa59dc28de737,8979,00.55.B,2020-09-10 15:30:31,2
,,,,2020-09-10 15:30:33,3
076152382c509238,07e98fa186be2983bcdabc92b58dc738,8979,00.55.B,2020-09-10 15:59:45,0
,,,,2020-09-10 15:59:47,1
0e614b3757506437,0ee996aefdbedf8cb5daa59dce8d3137,8979,00.55.B,2020-09-10 15:59:48,2
076152382b509838,07e98fa181be2383bcdabc92b28dcd38,8979,00.55.B,2020-09-10 15:59:49,3
076152385350af38,07e98fa1f9be1483bcdabc92ca8dfa38,8979,00.55.B,2020-09-10 16:04:42,0
,,,,2020-09-10 16:04:44,1
076152383d507e38,07e98fa197bec583bcdabc92a48d2b38,8979,00.55.B,2020-09-10 16:04:45,2
0e614b375d509f37,0ee996aef7be248cb5daa59dc48dca37,8979,00.55.B,2020-09-10 16:04:46,3
0e614b3760507737,0ee996aecabecc8cb5daa59df98d2237,8979,00.55.B,2020-09-10 16:08:41,0
076152385450a238,07e98fa1febe1983bcdabc92cd8df738,8979,00.55.B,2020-09-10 16:08:42,1
0761523828509238,07e98fa182be2983bcdabc92b18dc738,8979,00.55.B,2020-09-10 16:08:43,2
,,,,2020-09-10 16:08:45,3
076152385250b638,07e98fa1f8be0d83bcdabc92cb8de338,8979,00.55.B,2020-09-10 16:13:48,0
0761523853509438,07e98fa1f9be2f83bcdabc92ca8dc138,8979,00.55.B,2020-09-10 16:13:49,1
076152385350a738,07e98fa1f9be1c83bcdabc92ca8df238,8979,00.55.B,2020-09-10 16:13:50,2
0761523852509a38,07e98fa1f8be2183bcdabc92cb8dcf38,8979,00.55.B,2020-09-10 16:13:52,3
076152385350a738,07e98fa1f9be1c83bcdabc92ca8df238,8979,00.55.B,2020-09-10 16:19:33,0
0761523852509a38,07e98fa1f8be2183bcdabc92cb8dcf38,8979,00.55.B,2020-09-10 16:19:34,1
,,,,2020-09-10 16:19:36,2
,,,,2020-09-10 16:19:37,3
076152382a509f38,07e98fa180be2483bcdabc92b38dca38,8979,00.55.B,2020-09-10 16:26:11,0
0e614b375d50a337,0ee996aef7be188cb5daa59dc48df637,8979,00.55.B,2020-09-10 16:26:13,1
076152383c509938,07e98fa196be2283bcdabc92a58dcc38,8979,00.55.B,2020-09-10 16:26:14,2
,,,,2020-09-10 16:26:16,3
,,,,2020-09-10 16:31:57,0
,,,,2020-09-10 16:31:59,1
0761523852507b38,07e98fa1f8bec083bcdabc92cb8d2e38,8979,00.55.B,2020-09-10 16:32:00,2
0e614b375850a137,0ee996aef2be1a8cb5daa59dc18df437,8979,00.55.B,2020-09-10 16:32:01,3
0e614b375050a037,0ee996aefabe1b8cb5daa59dc98df537,8979,00.55.B,2020-09-10 16:35:27,0
0e614b3758508737,0ee996aef2be3c8cb5daa59dc18dd237,8979,00.55.B,2020-09-10 16:35:29,1
076152382a508038,07e98fa180be3b83bcdabc92b38dd538,8979,00.55.B,2020-09-10 16:35:30,2
076152382b50a538,07e98fa181be1e83bcdabc92b28df038,8979,00.55.B,2020-09-10 16:35:31,3
076152382c508838,07e98fa186be3383bcdabc92b58ddd38,8979,00.55.B,2020-09-10 16:40:53,1
0761523828508338,07e98fa182be3883bcdabc92b18dd638,8979,00.55.B,2020-09-10 16:40:53,3
0761523828508338,07e98fa182be3883bcdabc92b18dd638,8979,00.55.B,2020-09-10 16:43:13,0
076152383f508a38,07e98fa195be3183bcdabc92a68ddf38,8979,00.55.B,2020-09-10 16:43:14,1
076152382c508838,07e98fa186be3383bcdabc92b58ddd38,8979,00.55.B,2020-09-10 16:43:15,2
076152382a50aa38,07e98fa180be1183bcdabc92b38dff38,8979,00.55.B,2020-09-10 16:43:17,3
0761523829509938,07e98fa183be2283bcdabc92b08dcc38,8979,00.55.B,2020-09-10 16:50:33,0
,,,,2020-09-10 16:50:35,1
,,,,2020-09-10 16:50:37,2
076152384150aa38,07e98fa1ebbe1183bcdabc92d88dff38,8979,00.55.B,2020-09-10 16:50:38,3
0761523853508c38,07e98fa1f9be3783bcdabc92ca8dd938,8979,00.55.B,2020-09-10 16:59:20,0
18614b3260508c32,18e996abcabe3789a3daa598f98dd932,8979,00.55.B,2020-09-10 16:59:21,1
18614b325e50b732,18e996abf4be0c89a3daa598c78de232,8979,00.55.B,2020-09-10 16:59:22,2
17614b328150a332,17e996ab2bbe1889acdaa598188df632,8979,00.55.B,2020-09-10 16:59:24,3
0761523850508e38,07e98fa1fabe3583bcdabc92c98ddb38,8979,00.55.B,2020-09-10 11:09:30,0
076152382a50ac38,07e98fa180be1783bcdabc92b38df938,8979,00.55.B,2020-09-10 11:09:31,1
076152382c509938,07e98fa186be2283bcdabc92b58dcc38,8979,00.55.B,2020-09-10 11:09:33,2
0761523829509238,07e98fa183be2983bcdabc92b08dc738,8979,00.55.B,2020-09-10 11:09:34,3
0761523825509f38,07e98fa18fbe2483bcdabc92bc8dca38,8979,00.55.B,2020-09-10 11:15:09,2
076152382b509838,07e98fa181be2383bcdabc92b28dcd38,8979,00.55.B,2020-09-10 11:15:09,3
076152382a508438,07e98fa180be3f83bcdabc92b38dd138,8979,00.55.B,2020-09-10 11:19:05,0
0761523826509738,07e98fa18cbe2c83bcdabc92bf8dc238,8979,00.55.B,2020-09-10 11:19:07,1
0761523825509f38,07e98fa18fbe2483bcdabc92bc8dca38,8979,00.55.B,2020-09-10 11:19:08,2
,,,,2020-09-10 11:19:10,3
0761523854507538,07e98fa1febece83bcdabc92cd8d2038,8979,00.55.B,2020-09-10 11:25:49,1
076152383d507838,07e98fa197bec383bcdabc92a48d2d38,8979,00.55.B,2020-09-10 11:25:49,2
076152383b508d38,07e98fa191be3683bcdabc92a28dd838,8979,00.55.B,2020-09-10 11:25:49,3
0761523826509238,07e98fa18cbe2983bcdabc92bf8dc738,8979,00.55.B,2020-09-10 11:27:45,0
0761523854507538,07e98fa1febece83bcdabc92cd8d2038,8979,00.55.B,2020-09-10 11:27:46,1
076152383d507838,07e98fa197bec383bcdabc92a48d2d38,8979,00.55.B,2020-09-10 11:27:47,2
076152383b508d38,07e98fa191be3683bcdabc92a28dd838,8979,00.55.B,2020-09-10 11:27:49,3
,,,,2020-09-10 11:34:14,0
,,,,2020-09-10 11:34:16,1
,,,,2020-09-10 11:34:17,2
,,,,2020-09-10 11:34:19,3
0761523829509e38,07e98fa183be2583bcdabc92b08dcb38,8979,00.55.B,2020-09-10 11:35:15,0
0761523827509138,07e98fa18dbe2a83bcdabc92be8dc438,8979,00.55.B,2020-09-10 11:35:16,1
0761523824509138,07e98fa18ebe2a83bcdabc92bd8dc438,8979,00.55.B,2020-09-10 11:35:17,2
076152383f506f38,07e98fa195bed483bcdabc92a68d3a38,8979,00.55.B,2020-09-10 11:35:19,3
076152382b50a438,07e98fa181be1f83bcdabc92b28df138,8979,00.55.B,2020-09-10 11:44:25,0
0761523861508738,07e98fa1cbbe3c83bcdabc92f88dd238,8979,00.55.B,2020-09-10 11:44:27,1
076152383f50a538,07e98fa195be1e83bcdabc92a68df038,8979,00.55.B,2020-09-10 11:44:28,2
076152383e50bf38,07e98fa194be0483bcdabc92a78dea38,8979,00.55.B,2020-09-10 11:44:29,3
0e614b3757506637,0ee996aefdbedd8cb5daa59dce8d3337,8979,00.55.B,2020-09-10 11:56:36,0
076152382c507b38,07e98fa186bec083bcdabc92b58d2e38,8979,00.55.B,2020-09-10 11:56:37,1
0e614b375450ba37,0ee996aefebe018cb5daa59dcd8def37,8979,00.55.B,2020-09-10 11:56:38,2
0761523861508d38,07e98fa1cbbe3683bcdabc92f88dd838,8979,00.55.B,2020-09-10 11:56:40,3
076152382a509738,07e98fa180be2c83bcdabc92b38dc238,8979,00.55.B,2020-09-10 13:05:31,0
076152382c50a138,07e98fa186be1a83bcdabc92b58df438,8979,00.55.B,2020-09-10 13:05:31,1
076152382c508438,07e98fa186be3f83bcdabc92b58dd138,8979,00.55.B,2020-09-10 13:05:31,2
0e614b375050ba37,0ee996aefabe018cb5daa59dc98def37,8979,00.55.B,2020-09-10 13:05:31,3
076152382a509738,07e98fa180be2c83bcdabc92b38dc238,8979,00.55.B,2020-09-10 13:05:53,0
076152382c50a138,07e98fa186be1a83bcdabc92b58df438,8979,00.55.B,2020-09-10 13:05:55,1
076152382c508438,07e98fa186be3f83bcdabc92b58dd138,8979,00.55.B,2020-09-10 13:05:56,2
0e614b375050ba37,0ee996aefabe018cb5daa59dc98def37,8979,00.55.B,2020-09-10 13:05:57,3
076152382b50aa38,07e98fa181be1183bcdabc92b28dff38,8979,00.55.B,2020-09-10 13:10:36,0
0761523826508938,07e98fa18cbe3283bcdabc92bf8ddc38,8979,00.55.B,2020-09-10 13:10:37,1
076152383b509238,07e98fa191be2983bcdabc92a28dc738,8979,00.55.B,2020-09-10 13:10:39,2
0761523852508c38,07e98fa1f8be3783bcdabc92cb8dd938,8979,00.55.B,2020-09-10 13:10:40,3
0e614b3757506237,0ee996aefdbed98cb5daa59dce8d3737,8979,00.55.B,2020-09-10 13:16:50,0
076152382c508038,07e98fa186be3b83bcdabc92b58dd538,8979,00.55.B,2020-09-10 13:20:10,0
076152383950bc38,07e98fa193be0783bcdabc92a08de938,8979,00.55.B,2020-09-10 13:20:11,1
0e614b375d507d37,0ee996aef7bec68cb5daa59dc48d2837,8979,00.55.B,2020-09-10 13:20:12,2
0e614b3757506237,0ee996aefdbed98cb5daa59dce8d3737,8979,00.55.B,2020-09-10 13:20:14,3
076152385250b138,07e98fa1f8be0a83bcdabc92cb8de438,8979,00.55.B,2020-09-10 13:30:08,1
076152383b508238,07e98fa191be3983bcdabc92a28dd738,8979,00.55.B,2020-09-10 13:30:08,2
,,,,2020-09-10 13:32:48,0
0761523854506838,07e98fa1febed383bcdabc92cd8d3d38,8979,00.55.B,2020-09-10 13:32:49,1
076152382850aa38,07e98fa182be1183bcdabc92b18dff38,8979,00.55.B,2020-09-10 13:32:51,2
076152383b508238,07e98fa191be3983bcdabc92a28dd738,8979,00.55.B,2020-09-10 13:32:52,3
0e614b3734507c37,0ee996ae9ebec78cb5daa59dad8d2937,8979,00.55.B,2020-09-10 13:36:50,0
076152383a507838,07e98fa190bec383bcdabc92a38d2d38,8979,00.55.B,2020-09-10 13:36:52,1
0e614b375c50ba37,0ee996aef6be018cb5daa59dc58def37,8979,00.55.B,2020-09-10 13:36:53,2
0e614b375c507c37,0ee996aef6bec78cb5daa59dc58d2937,8979,00.55.B,2020-09-10 13:36:54,3
0761523853508c38,07e98fa1f9be3783bcdabc92ca8dd938,8979,00.55.B,2020-09-11 08:02:02,0
18614b3260508c32,18e996abcabe3789a3daa598f98dd932,8979,00.55.B,2020-09-11 08:02:02,1
18614b325e50b732,18e996abf4be0c89a3daa598c78de232,8979,00.55.B,2020-09-11 08:02:02,2
17614b328150a332,17e996ab2bbe1889acdaa598188df632,8979,00.55.B,2020-09-11 08:02:02,3
076152383350ae38,07e98fa199be1583bcdabc92aa8dfb38,8979,00.55.B,2020-09-11 08:08:06,0
076152383350ab38,07e98fa199be1083bcdabc92aa8dfe38,8979,00.55.B,2020-09-11 08:08:06,1
0761523874509838,07e98fa1debe2383bcdabc92ed8dcd38,8979,00.55.B,2020-09-11 08:08:06,2
18614b3261509b32,18e996abcbbe2089a3daa598f88dce32,8979,00.55.B,2020-09-11 08:08:06,3
076152383350ae38,07e98fa199be1583bcdabc92aa8dfb38,8979,00.55.B,2020-09-11 08:10:17,0
076152383350ab38,07e98fa199be1083bcdabc92aa8dfe38,8979,00.55.B,2020-09-11 08:10:19,1
0761523874509838,07e98fa1debe2383bcdabc92ed8dcd38,8979,00.55.B,2020-09-11 08:10:20,2
18614b3261509b32,18e996abcbbe2089a3daa598f88dce32,8979,00.55.B,2020-09-11 08:10:21,3
18614b325e509632,18e996abf4be2d89a3daa598c78dc332,8979,00.55.B,2020-09-11 08:16:27,0
0761523827509038,07e98fa18dbe2b83bcdabc92be8dc538,8979,00.55.B,2020-09-11 08:16:29,1
076152383550ad38,07e98fa19fbe1683bcdabc92ac8df838,8979,00.55.B,2020-09-11 08:16:30,2
,,,,2020-09-11 08:16:32,3
0761523832508a38,07e98fa198be3183bcdabc92ab8ddf38,8979,00.55.B,2020-09-11 08:21:00,0
18614b3260507932,18e996abcabec289a3daa598f98d2c32,8979,00.55.B,2020-09-11 08:21:02,1
0761523852507938,07e98fa1f8bec283bcdabc92cb8d2c38,8979,00.55.B,2020-09-11 08:21:03,2
0761523852509638,07e98fa1f8be2d83bcdabc92cb8dc338,8979,00.55.B,2020-09-11 08:21:04,3
0761523854508238,07e98fa1febe3983bcdabc92cd8dd738,8979,00.55.B,2020-09-11 08:25:59,0
0761523826509138,07e98fa18cbe2a83bcdabc92bf8dc438,8979,00.55.B,2020-09-11 08:26:00,1
18614b326150a332,18e996abcbbe1889a3daa598f88df632,8979,00.55.B,2020-09-11 08:26:02,2
18614b326050ab32,18e996abcabe1089a3daa598f98dfe32,8979,00.55.B,2020-09-11 08:26:03,3
18614b3260506732,18e996abcabedc89a3daa598f98d3232,8979,00.55.B,2020-09-11 08:31:10,0
18614b324f509732,18e996abe5be2c89a3daa598d68dc232,8979,00.55.B,2020-09-11 08:31:11,1
0761523834509c38,07e98fa19ebe2783bcdabc92ad8dc938,8979,00.55.B,2020-09-11 08:31:13,2
0761523834509e38,07e98fa19ebe2583bcdabc92ad8dcb38,8979,00.55.B,2020-09-11 08:31:14,3
18614b3271509632,18e996abdbbe2d89a3daa598e88dc332,8979,00.55.B,2020-09-11 08:36:59,0
076152383150a038,07e98fa19bbe1b83bcdabc92a88df538,8979,00.55.B,2020-09-11 08:37:01,1
0761523834509a38,07e98fa19ebe2183bcdabc92ad8dcf38,8979,00.55.B,2020-09-11 08:37:02,2
,,,,2020-09-11 08:37:04,3
,,,,2020-09-11 08:42:55,0
0761523832507d38,07e98fa198bec683bcdabc92ab8d2838,8979,00.55.B,2020-09-11 08:42:56,1
076152383450b838,07e98fa19ebe0383bcdabc92ad8ded38,8979,00.55.B,2020-09-11 08:42:58,2
0761523831507c38,07e98fa19bbec783bcdabc92a88d2938,8979,00.55.B,2020-09-11 08:42:59,3
0761523830509d38,07e98fa19abe2683bcdabc92a98dc838,8979,00.55.B,2020-09-11 08:47:54,0
18614b327050aa32,18e996abdabe1189a3daa598e98dff32,8979,00.55.B,2020-09-11 08:47:55,1
0761523830508f38,07e98fa19abe3483bcdabc92a98dda38,8979,00.55.B,2020-09-11 08:47:57,2
18614b3261508732,18e996abcbbe3c89a3daa598f88dd232,8979,00.55.B,2020-09-11 08:47:58,3
076152382a50a738,07e98fa180be1c83bcdabc92b38df238,8979,00.55.B,2020-09-11 09:06:25,0
0761523830509338,07e98fa19abe2883bcdabc92a98dc638,8979,00.55.B,2020-09-11 09:06:25,2
0e614b3758507b37,0ee996aef2bec08cb5daa59dc18d2e37,8979,00.55.B,2020-09-11 09:06:25,3
076152382a50a738,07e98fa180be1c83bcdabc92b38df238,8979,00.55.B,2020-09-11 09:07:21,0
,,,,2020-09-11 09:07:23,1
0761523830509338,07e98fa19abe2883bcdabc92a98dc638,8979,00.55.B,2020-09-11 09:07:24,2
0e614b3758507b37,0ee996aef2bec08cb5daa59dc18d2e37,8979,00.55.B,2020-09-11 09:07:25,3
18614b324a509332,18e996abe0be2889a3daa598d38dc632,8979,00.55.B,2020-09-11 09:20:02,0
076152383650b838,07e98fa19cbe0383bcdabc92af8ded38,8979,00.55.B,2020-09-11 09:20:03,1
076152385450a438,07e98fa1febe1f83bcdabc92cd8df138,8979,00.55.B,2020-09-11 09:20:04,2
,,,,2020-09-11 09:20:06,3
076152383650ab38,07e98fa19cbe1083bcdabc92af8dfe38,8979,00.55.B,2020-09-11 09:25:13,0
076152383450a038,07e98fa19ebe1b83bcdabc92ad8df538,8979,00.55.B,2020-09-11 09:25:15,1
076152383350a638,07e98fa199be1d83bcdabc92aa8df338,8979,00.55.B,2020-09-11 09:25:16,2
18614b3270507c32,18e996abdabec789a3daa598e98d2932,8979,00.55.B,2020-09-11 09:25:17,3
076152383250ae38,07e98fa198be1583bcdabc92ab8dfb38,8979,00.55.B,2020-09-11 09:30:12,0
0761523832509038,07e98fa198be2b83bcdabc92ab8dc538,8979,00.55.B,2020-09-11 09:30:13,1
0761523830509a38,07e98fa19abe2183bcdabc92a98dcf38,8979,00.55.B,2020-09-11 09:30:15,2
,,,,2020-09-11 09:30:17,3
0761523833507e38,07e98fa199bec583bcdabc92aa8d2b38,8979,00.55.B,2020-09-11 09:34:54,0
18614b3261508432,18e996abcbbe3f89a3daa598f88dd132,8979,00.55.B,2020-09-11 09:34:56,1
076152383150a938,07e98fa19bbe1283bcdabc92a88dfc38,8979,00.55.B,2020-09-11 09:34:57,2
0761523874509638,07e98fa1debe2d83bcdabc92ed8dc338,8979,00.55.B,2020-09-11 09:34:59,3
0761523832509238,07e98fa198be2983bcdabc92ab8dc738,8979,00.55.B,2020-09-11 09:41:29,0
0761523830509238,07e98fa19abe2983bcdabc92a98dc738,8979,00.55.B,2020-09-11 09:41:30,1
0761523833508b38,07e98fa199be3083bcdabc92aa8dde38,8979,00.55.B,2020-09-11 09:41:31,2
0761523830507d38,07e98fa19abec683bcdabc92a98d2838,8979,00.55.B,2020-09-11 09:41:33,3
18614b327150b532,18e996abdbbe0e89a3daa598e88de032,8979,00.55.B,2020-09-11 09:48:45,0
17614b323f50ac32,17e996ab95be1789acdaa598a68df932,8979,00.55.B,2020-09-11 09:48:46,1
076152383550b138,07e98fa19fbe0a83bcdabc92ac8de438,8979,00.55.B,2020-09-11 09:48:48,2
18614b3260506932,18e996abcabed289a3daa598f98d3c32,8979,00.55.B,2020-09-11 09:48:49,3
0761523832507538,07e98fa198bece83bcdabc92ab8d2038,8979,00.55.B,2020-09-11 09:53:57,0
076152383150aa38,07e98fa19bbe1183bcdabc92a88dff38,8979,00.55.B,2020-09-11 09:53:59,1
0761523853507e38,07e98fa1f9bec583bcdabc92ca8d2b38,8979,00.55.B,2020-09-11 09:54:00,2
18614b3261509c32,18e996abcbbe2789a3daa598f88dc932,8979,00.55.B,2020-09-11 09:54:01,3
,,,,2020-09-11 09:59:40,0
0761523831509538,07e98fa19bbe2e83bcdabc92a88dc038,8979,00.55.B,2020-09-11 09:59:41,1
,,,,2020-09-11 09:59:43,2
0761523832508e38,07e98fa198be3583bcdabc92ab8ddb38,8979,00.55.B,2020-09-11 09:59:44,3
,,,,2020-09-11 10:03:23,0
,,,,2020-09-11 10:03:25,1
,,,,2020-09-11 10:03:26,2
,,,,2020-09-11 10:03:28,3
0761523830509b38,07e98fa19abe2083bcdabc92a98dce38,8979,00.55.B,2020-09-11 10:04:06,0
0761523831508838,07e98fa19bbe3383bcdabc92a88ddd38,8979,00.55.B,2020-09-11 10:04:08,1
18614b3262506632,18e996abc8bedd89a3daa598fb8d3332,8979,00.55.B,2020-09-11 10:04:09,2
18614b327850ac32,18e996abd2be1789a3daa598e18df932,8979,00.55.B,2020-09-11 10:04:10,3
0761523824509338,07e98fa18ebe2883bcdabc92bd8dc638,8979,00.55.B,2020-09-11 10:08:55,0
0761523831508338,07e98fa19bbe3883bcdabc92a88dd638,8979,00.55.B,2020-09-11 10:08:56,1
0761523828509438,07e98fa182be2f83bcdabc92b18dc138,8979,00.55.B,2020-09-11 10:08:58,2
0761523833507b38,07e98fa199bec083bcdabc92aa8d2e38,8979,00.55.B,2020-09-11 10:08:59,3
0e614b3757507637,0ee996aefdbecd8cb5daa59dce8d2337,8979,00.55.B,2020-09-11 10:13:24,0
0761523835507a38,07e98fa19fbec183bcdabc92ac8d2f38,8979,00.55.B,2020-09-11 10:13:26,1
076152385250b038,07e98fa1f8be0b83bcdabc92cb8de538,8979,00.55.B,2020-09-11 10:13:27,2
0761523853506b38,07e98fa1f9bed083bcdabc92ca8d3e38,8979,00.55.B,2020-09-11 10:13:28,3
,,,,2020-09-11 10:45:28,0
,,,,2020-09-11 11:02:51,0
0761523827508c38,07e98fa18dbe3783bcdabc92be8dd938,8979,00.55.B,2020-09-11 11:02:52,1
,,,,2020-09-11 11:02:54,2
18614b326150ba32,18e996abcbbe0189a3daa598f88def32,8979,00.55.B,2020-09-11 11:02:55,3
0761523834509638,07e98fa19ebe2d83bcdabc92ad8dc338,8979,00.55.B,2020-09-11 11:08:22,0
18614b325d506b32,18e996abf7bed089a3daa598c48d3e32,8979,00.55.B,2020-09-11 11:08:23,1
18614b3278509e32,18e996abd2be2589a3daa598e18dcb32,8979,00.55.B,2020-09-11 11:08:24,2
17614b3280507132,17e996ab2abeca89acdaa598198d2432,8979,00.55.B,2020-09-11 11:08:26,3
0e504b3777507837,0ed896aeddbec38cb5eba59dee8d0f37,2942,00.55.B,2020-09-14 09:15:38,0
,,,,2020-09-14 11:31:31,0
,,,,2020-09-14 11:33:06,0
,,,,2020-09-14 11:34:34,0
,,,,2020-09-14 11:38:11,0
,,,,2020-09-14 11:44:46,0
,,,,2020-09-14 11:50:29,0
05504b3747507c37,05d896aeedbec78cbeeba59dde8d0b37,2942,00.55.B,2020-09-14 11:51:47,0
,,,,2020-09-14 11:55:29,0
06504b3733509737,06d896ae99be2c8cbdeba59daa8de037,2942,00.55.B,2020-09-14 11:56:07,0
18614b3247508932,18e996abedbe3289a3daa598de8dfe32,7754,00.55.B,2020-09-15 15:57:20,0
066152382d508138,06e98fa187be3a83bddabc92b48df638,7754,00.55.B,2020-09-16 09:40:55,0
066152382f508e38,06e98fa185be3583bddabc92b68df938,7754,00.55.B,2020-09-16 09:45:01,0
0661523830507838,06e98fa19abec383bddabc92a98d0f38,7754,00.55.B,2020-09-16 09:50:11,0
0661523833508638,06e98fa199be3d83bddabc92aa8df138,7754,00.55.B,2020-09-16 09:55:20,0
,,,,2020-09-15 09:05:10,0
18504b3278509e32,18d896abd2be2589a3eba598e18de932,9896,00.55.B,2020-09-15 09:06:11,0
18504b3278509e32,18d896abd2be2589a3eba598e18de932,9896,00.55.B,2020-09-15 09:11:06,0
,,,,2020-09-15 09:17:47,0
0761523828509438,07e98fa182be2f83bcdabc92b18de338,8382,00.55.B,2020-09-15 09:17:48,1
0761523834509638,07e98fa19ebe2d83bcdabc92ad8de138,8382,00.55.B,2020-09-15 09:17:49,2
0761523834509638,07e98fa19ebe2d83bcdabc92ad8de138,8382,00.55.B,2020-09-15 09:19:08,0
0761523828509438,07e98fa182be2f83bcdabc92b18de338,8382,00.55.B,2020-09-15 09:19:09,1
18614b325d506b32,18e996abf7bed089a3daa598c48d1c32,8382,00.55.B,2020-09-15 09:19:11,2
0761523824509338,07e98fa18ebe2883bcdabc92bd8de438,9837,00.55.B,2020-09-15 09:23:47,0
0761523831508338,07e98fa19bbe3883bcdabc92a88df438,9837,00.55.B,2020-09-15 09:23:48,1
18614b3262506632,18e996abc8bedd89a3daa598fb8d1132,9837,00.55.B,2020-09-15 09:23:50,2
18614b327850ac32,18e996abd2be1789a3daa598e18ddb32,9837,00.55.B,2020-09-15 09:23:51,3
0761523830509b38,07e98fa19abe2083bcdabc92a98dec38,9837,00.55.B,2020-09-15 09:28:14,0
0761523831508838,07e98fa19bbe3383bcdabc92a88dff38,9837,00.55.B,2020-09-15 09:28:16,1
0761523831509538,07e98fa19bbe2e83bcdabc92a88de238,9837,00.55.B,2020-09-15 09:28:17,2
0761523832508e38,07e98fa198be3583bcdabc92ab8df938,9837,00.55.B,2020-09-15 09:28:18,3
0761523832507538,07e98fa198bece83bcdabc92ab8d0238,9837,00.55.B,2020-09-15 09:32:42,0
076152383150aa38,07e98fa19bbe1183bcdabc92a88ddd38,9837,00.55.B,2020-09-15 09:32:44,1
0761523853507e38,07e98fa1f9bec583bcdabc92ca8d0938,9837,00.55.B,2020-09-15 09:32:45,2
,,,,2020-09-15 09:32:47,3
0761523832507538,07e98fa198bece83bcdabc92ab8d0238,9837,00.55.B,2020-09-15 09:34:29,0
076152383150aa38,07e98fa19bbe1183bcdabc92a88ddd38,9837,00.55.B,2020-09-15 09:34:29,1
18614b3261509c32,18e996abcbbe2789a3daa598f88deb32,9837,00.55.B,2020-09-15 09:34:29,2
0761523853507e38,07e98fa1f9bec583bcdabc92ca8d0938,9837,00.55.B,2020-09-15 09:36:22,0
076152383150aa38,07e98fa19bbe1183bcdabc92a88ddd38,9837,00.55.B,2020-09-15 09:36:22,1
18614b3261509c32,18e996abcbbe2789a3daa598f88deb32,9837,00.55.B,2020-09-15 09:36:22,2
0761523853507e38,07e98fa1f9bec583bcdabc92ca8d0938,9837,00.55.B,2020-09-15 09:37:57,0
076152383150aa38,07e98fa19bbe1183bcdabc92a88ddd38,9837,00.55.B,2020-09-15 09:37:57,1
18614b3261509c32,18e996abcbbe2789a3daa598f88deb32,9837,00.55.B,2020-09-15 09:37:57,2
076152383150aa38,07e98fa19bbe1183bcdabc92a88ddd38,9837,00.55.B,2020-09-15 09:47:06,0
0761523853507e38,07e98fa1f9bec583bcdabc92ca8d0938,9837,00.55.B,2020-09-15 09:47:06,1
0761523832507538,07e98fa198bece83bcdabc92ab8d0238,9837,00.55.B,2020-09-15 09:47:06,2
18614b3261509c32,18e996abcbbe2789a3daa598f88deb32,9837,00.55.B,2020-09-15 09:47:06,3
076152383150aa38,07e98fa19bbe1183bcdabc92a88ddd38,9837,00.55.B,2020-09-15 09:48:01,0
0761523853507e38,07e98fa1f9bec583bcdabc92ca8d0938,9837,00.55.B,2020-09-15 09:48:03,1
0761523832507538,07e98fa198bece83bcdabc92ab8d0238,9837,00.55.B,2020-09-15 09:48:04,2
18614b3261509c32,18e996abcbbe2789a3daa598f88deb32,9837,00.55.B,2020-09-15 09:48:05,3
18614b327150b532,18e996abdbbe0e89a3daa598e88dc232,9837,00.55.B,2020-09-15 09:52:45,0
17614b323f50ac32,17e996ab95be1789acdaa598a68ddb32,9837,00.55.B,2020-09-15 09:52:45,1
076152383550b138,07e98fa19fbe0a83bcdabc92ac8dc638,9837,00.55.B,2020-09-15 09:52:45,2
076152383550b138,07e98fa19fbe0a83bcdabc92ac8dc638,9837,00.55.B,2020-09-15 09:55:01,0
17614b323f50ac32,17e996ab95be1789acdaa598a68ddb32,9837,00.55.B,2020-09-15 09:55:01,1
18614b3260506932,18e996abcabed289a3daa598f98d1e32,9837,00.55.B,2020-09-15 09:55:01,2
18614b327150b532,18e996abdbbe0e89a3daa598e88dc232,9837,00.55.B,2020-09-15 09:55:01,3
17614b323f50ac32,17e996ab95be1789acdaa598a68ddb32,9837,00.55.B,2020-09-15 09:56:34,1
18614b3260506932,18e996abcabed289a3daa598f98d1e32,9837,00.55.B,2020-09-15 09:56:34,2
18614b327150b532,18e996abdbbe0e89a3daa598e88dc232,9837,00.55.B,2020-09-15 09:56:34,3
17614b323f50ac32,17e996ab95be1789acdaa598a68ddb32,9837,00.55.B,2020-09-15 09:58:53,1
18614b3260506932,18e996abcabed289a3daa598f98d1e32,9837,00.55.B,2020-09-15 09:58:53,2
18614b327150b532,18e996abdbbe0e89a3daa598e88dc232,9837,00.55.B,2020-09-15 09:58:53,3
17614b323f50ac32,17e996ab95be1789acdaa598a68ddb32,9837,00.55.B,2020-09-15 10:00:14,0
076152383550b138,07e98fa19fbe0a83bcdabc92ac8dc638,9837,00.55.B,2020-09-15 10:00:14,1
18614b3260506932,18e996abcabed289a3daa598f98d1e32,9837,00.55.B,2020-09-15 10:00:14,2
18614b327150b532,18e996abdbbe0e89a3daa598e88dc232,9837,00.55.B,2020-09-15 10:00:14,3
,,,,2020-09-15 10:01:41,0
076152383550b138,07e98fa19fbe0a83bcdabc92ac8dc638,9837,00.55.B,2020-09-15 10:01:42,1
18614b3260506932,18e996abcabed289a3daa598f98d1e32,9837,00.55.B,2020-09-15 10:01:44,2
18614b327150b532,18e996abdbbe0e89a3daa598e88dc232,9837,00.55.B,2020-09-15 10:01:45,3
18614b3260506932,18e996abcabed289a3daa598f98d1e32,9837,00.55.B,2020-09-15 10:03:02,0
076152383550b138,07e98fa19fbe0a83bcdabc92ac8dc638,9837,00.55.B,2020-09-15 10:03:03,1
17614b323f50ac32,17e996ab95be1789acdaa598a68ddb32,9837,00.55.B,2020-09-15 10:03:04,2
18614b327150b532,18e996abdbbe0e89a3daa598e88dc232,9837,00.55.B,2020-09-15 10:03:05,3
0761523832509238,07e98fa198be2983bcdabc92ab8de538,9837,00.55.B,2020-09-15 10:07:33,0
0761523830509238,07e98fa19abe2983bcdabc92a98de538,9837,00.55.B,2020-09-15 10:07:35,1
0761523830507d38,07e98fa19abec683bcdabc92a98d0a38,9837,00.55.B,2020-09-15 10:07:36,2
0761523833508b38,07e98fa199be3083bcdabc92aa8dfc38,9837,00.55.B,2020-09-15 10:07:37,3
0761523833507e38,07e98fa199bec583bcdabc92aa8d0938,9837,00.55.B,2020-09-15 10:12:47,0
18614b3261508432,18e996abcbbe3f89a3daa598f88df332,9837,00.55.B,2020-09-15 10:12:48,1
0761523874509638,07e98fa1debe2d83bcdabc92ed8de138,9837,00.55.B,2020-09-15 10:12:50,2
076152383150a938,07e98fa19bbe1283bcdabc92a88dde38,9837,00.55.B,2020-09-15 10:12:51,3
0761523832509038,07e98fa198be2b83bcdabc92ab8de738,9837,00.55.B,2020-09-15 10:17:28,1
0761523830509a38,07e98fa19abe2183bcdabc92a98ded38,9837,00.55.B,2020-09-15 10:17:28,2
18614b3270507c32,18e996abdabec789a3daa598e98d0b32,9837,00.55.B,2020-09-15 10:17:28,3
0761523830509a38,07e98fa19abe2183bcdabc92a98ded38,9837,00.55.B,2020-09-15 10:19:36,0
0761523832509038,07e98fa198be2b83bcdabc92ab8de738,9837,00.55.B,2020-09-15 10:19:36,1
076152383250ae38,07e98fa198be1583bcdabc92ab8dd938,9837,00.55.B,2020-09-15 10:19:36,2
0761523830509a38,07e98fa19abe2183bcdabc92a98ded38,9837,00.55.B,2020-09-15 10:22:24,0
0761523832509038,07e98fa198be2b83bcdabc92ab8de738,9837,00.55.B,2020-09-15 10:22:24,1
076152383250ae38,07e98fa198be1583bcdabc92ab8dd938,9837,00.55.B,2020-09-15 10:22:24,2
18614b3270507c32,18e996abdabec789a3daa598e98d0b32,9837,00.55.B,2020-09-15 10:22:24,3
0761523830509a38,07e98fa19abe2183bcdabc92a98ded38,9837,00.55.B,2020-09-15 10:23:20,0
0761523832509038,07e98fa198be2b83bcdabc92ab8de738,9837,00.55.B,2020-09-15 10:23:21,1
076152383250ae38,07e98fa198be1583bcdabc92ab8dd938,9837,00.55.B,2020-09-15 10:23:23,2
18614b3270507c32,18e996abdabec789a3daa598e98d0b32,9837,00.55.B,2020-09-15 10:23:24,3
076152383350a638,07e98fa199be1d83bcdabc92aa8dd138,9837,00.55.B,2020-09-15 10:28:07,1
0661523831508738,06e98fa19bbe3c83bddabc92a88df038,9837,00.55.B,2020-09-15 10:28:07,2
0661523846508538,06e98fa1ecbe3e83bddabc92df8df238,9837,00.55.B,2020-09-15 10:28:07,3
076152387550b038,07e98fa1dfbe0b83bcdabc92ec8dc738,9837,00.55.B,2020-09-15 10:29:53,0
076152383350a638,07e98fa199be1d83bcdabc92aa8dd138,9837,00.55.B,2020-09-15 10:29:54,1
0661523831508738,06e98fa19bbe3c83bddabc92a88df038,9837,00.55.B,2020-09-15 10:29:55,2
0661523846508538,06e98fa1ecbe3e83bddabc92df8df238,9837,00.55.B,2020-09-15 10:29:57,3
0661523845508738,06e98fa1efbe3c83bddabc92dc8df038,9837,00.55.B,2020-09-15 10:35:44,0
,,,,2020-09-15 10:35:45,1
,,,,2020-09-15 10:35:47,2
,,,,2020-09-15 10:35:48,3
0661523845508738,06e98fa1efbe3c83bddabc92dc8df038,9837,00.55.B,2020-09-15 10:37:20,0
0661523844507438,06e98fa1eebecf83bddabc92dd8d0338,9837,00.55.B,2020-09-15 10:37:21,1
076152385050a438,07e98fa1fabe1f83bcdabc92c98dd338,9837,00.55.B,2020-09-15 10:37:22,2
18614b327150ab32,18e996abdbbe1089a3daa598e88ddc32,9837,00.55.B,2020-09-15 10:37:24,3
18614b327850a932,18e996abd2be1289a3daa598e18dde32,8382,00.55.B,2020-09-17 13:38:19,0
0761523876509338,07e98fa1dcbe2883bcdabc92ef8de438,8382,00.55.B,2020-09-17 13:38:20,1
,,,,2020-09-17 13:38:22,2
0661523844508b38,06e98fa1eebe3083bddabc92dd8dfc38,8382,00.55.B,2020-09-17 13:38:23,3
18614b327850a932,18e996abd2be1289a3daa598e18dde32,8382,00.55.B,2020-09-17 13:40:39,0
0761523876509338,07e98fa1dcbe2883bcdabc92ef8de438,8382,00.55.B,2020-09-17 13:40:41,1
0661523844508b38,06e98fa1eebe3083bddabc92dd8dfc38,8382,00.55.B,2020-09-17 13:40:42,2
18614b3270509532,18e996abdabe2e89a3daa598e98de232,8382,00.55.B,2020-09-17 13:40:43,3
066152382d508938,06e98fa187be3283bddabc92b48dfe38,8382,00.55.B,2020-09-17 13:47:06,0
066152384550c138,06e98fa1efbe7a83bddabc92dc8db638,8382,00.55.B,2020-09-17 13:47:06,1
066152384550c138,06e98fa1efbe7a83bddabc92dc8db638,8382,00.55.B,2020-09-17 13:49:11,1
18614b3261509132,18e996abcbbe2a89a3daa598f88de632,8382,00.55.B,2020-09-17 13:49:11,3
066152384550c138,06e98fa1efbe7a83bddabc92dc8db638,8382,00.55.B,2020-09-17 13:50:46,1
066152382d508938,06e98fa187be3283bddabc92b48dfe38,8382,00.55.B,2020-09-17 13:52:11,0
066152384550c138,06e98fa1efbe7a83bddabc92dc8db638,8382,00.55.B,2020-09-17 13:52:11,1
18614b326b508432,18e996abc1be3f89a3daa598f28df332,8382,00.55.B,2020-09-17 13:52:11,2
18614b3261509132,18e996abcbbe2a89a3daa598f88de632,8382,00.55.B,2020-09-17 13:52:11,3
066152382d508938,06e98fa187be3283bddabc92b48dfe38,8382,00.55.B,2020-09-17 13:53:06,0
066152384550c138,06e98fa1efbe7a83bddabc92dc8db638,8382,00.55.B,2020-09-17 13:53:08,1
18614b326b508432,18e996abc1be3f89a3daa598f28df332,8382,00.55.B,2020-09-17 13:53:09,2
18614b3261509132,18e996abcbbe2a89a3daa598f88de632,8382,00.55.B,2020-09-17 13:53:10,3
076152383f508d38,07e98fa195be3683bcdabc92a68dfa38,8382,00.55.B,2020-09-17 14:01:43,0
066152384950c238,06e98fa1e3be7983bddabc92d08db538,8382,00.55.B,2020-09-17 14:01:45,1
066152384550a738,06e98fa1efbe1c83bddabc92dc8dd038,8382,00.55.B,2020-09-17 14:01:46,2
066152384450b938,06e98fa1eebe0283bddabc92dd8dce38,8382,00.55.B,2020-09-17 14:01:47,3
0661523845507438,06e98fa1efbecf83bddabc92dc8d0338,8382,00.55.B,2020-09-17 14:12:14,0
18614b3272508632,18e996abd8be3d89a3daa598eb8df132,8382,00.55.B,2020-09-17 14:12:14,1
0761523834508738,07e98fa19ebe3c83bcdabc92ad8df038,8382,00.55.B,2020-09-17 14:12:14,3
0661523845507438,06e98fa1efbecf83bddabc92dc8d0338,8382,00.55.B,2020-09-17 14:12:59,0
18614b3272508632,18e996abd8be3d89a3daa598eb8df132,8382,00.55.B,2020-09-17 14:13:00,1
,,,,2020-09-17 14:13:02,2
0761523834508738,07e98fa19ebe3c83bcdabc92ad8df038,8382,00.55.B,2020-09-17 14:13:03,3
0661523825509938,06e98fa18fbe2283bddabc92bc8dee38,8382,00.55.B,2020-09-17 14:20:53,0
0661523828509e38,06e98fa182be2583bddabc92b18de938,8382,00.55.B,2020-09-17 14:20:55,1
18614b327a507532,18e996abd0bece89a3daa598e38d0232,8382,00.55.B,2020-09-17 14:20:56,2
0761523876508d38,07e98fa1dcbe3683bcdabc92ef8dfa38,8382,00.55.B,2020-09-17 14:20:57,3
,,,,2020-09-17 14:23:28,0
0661523827509338,06e98fa18dbe2883bddabc92be8de438,8382,00.55.B,2020-09-17 14:24:07,0
066152384450a238,06e98fa1eebe1983bddabc92dd8df738,8979,00.55.B,2020-09-18 10:10:06,0
076152382a50a738,07e98fa180be1c83bcdabc92b38df238,8979,00.55.B,2020-09-18 16:03:40,0
076152383650ab38,07e98fa19cbe1083bcdabc92af8dfe38,8979,00.55.B,2020-09-18 16:07:33,0
076152385350af38,07e98fa1f9be1483bcdabc92ca8dfa38,8979,00.55.B,2020-09-18 16:11:21,0
0e614b375d509f37,0ee996aef7be248cb5daa59dc48dca37,8979,00.55.B,2020-09-18 16:16:16,0
18614b325e50ac32,18e996abf4be1789a3daa598c78df932,8979,00.55.B,2020-09-18 16:20:57,0
076152384250c038,07e98fa1e8be7b83bcdabc92db8d9538,8979,00.55.B,2020-09-18 16:25:09,0
066152382e50ac38,06e98fa184be1783bddabc92b78ddb38,9837,00.55.B,2020-09-22 14:23:40,0
0661523826508438,06e98fa18cbe3f83bddabc92bf8df338,9837,00.55.B,2020-09-23 11:26:37,0
18614b3271507332,18e996abdbbec889a3daa598e88d0432,9837,00.55.B,2020-09-24 15:22:26,0
,,,,2020-09-24 15:42:30,0
,,,,2020-09-24 15:44:32,0
0661523828508e38,06e98fa182be3583bddabc92b18df938,9837,00.55.B,2020-09-25 13:27:51,0
0761523834508238,07e98fa19ebe3983bcdabc92ad8df538,9837,00.55.B,2020-09-25 13:27:52,1
0661523833508c38,06e98fa199be3783bddabc92aa8dfb38,9837,00.55.B,2020-09-25 13:27:53,2
0661523844506c38,06e98fa1eebed783bddabc92dd8d1b38,9837,00.55.B,2020-09-25 13:27:55,3
066152384950c038,06e98fa1e3be7b83bddabc92d08db738,9837,00.55.B,2020-09-25 13:31:58,0
066152384650bf38,06e98fa1ecbe0483bddabc92df8dc838,9837,00.55.B,2020-09-25 13:31:59,1
076152383650b738,07e98fa19cbe0c83bcdabc92af8dc038,9837,00.55.B,2020-09-25 13:32:00,2
18614b327050a932,18e996abdabe1289a3daa598e98dde32,9837,00.55.B,2020-09-25 13:32:02,3
0761523835508c38,07e98fa19fbe3783bcdabc92ac8dfb38,9837,00.55.B,2020-09-25 13:35:55,0
18614b3269506b32,18e996abc3bed089a3daa598f08d1c32,9837,00.55.B,2020-09-25 13:35:56,1
